,n_counts
4,613.0
5,1787.0
6,1824.0
7,1445.0
8,588.0
9,287.0
10,211.0
19,115.0
20,962.0
21,873.0
22,1260.0
23,523.0
24,565.0
25,646.0
26,136.0
27,135.0
28,403.0
29,49.0
40,151.0
41,172.0
42,333.0
46,277.0
47,248.0
48,830.0
49,573.0
50,386.0
51,126.0
52,229.0
53,325.0
54,581.0
56,248.0
72,327.0
73,1184.0
74,1140.0
75,544.0
76,733.0
77,798.0
78,466.0
80,526.0
81,1562.0
82,1841.0
83,2969.0
84,1161.0
85,757.0
86,1100.0
87,568.0
89,164.0
92,510.0
115,485.0
116,541.0
117,1642.0
118,158.0
119,486.0
120,539.0
121,491.0
122,297.0
123,2464.0
124,1354.0
125,1186.0
126,631.0
127,964.0
128,1584.0
129,1787.0
131,1336.0
137,1293.0
138,2021.0
139,1271.0
140,620.0
141,904.0
142,259.0
166,351.0
168,477.0
169,1322.0
171,1226.0
172,927.0
173,1141.0
175,319.0
176,1301.0
177,2281.0
178,566.0
179,554.0
181,1068.0
182,1312.0
183,892.0
184,1481.0
185,351.0
187,376.0
188,1517.0
189,334.0
190,550.0
191,1777.0
193,391.0
194,1230.0
195,254.0
198,126.0
201,176.0
202,557.0
203,303.0
204,128.0
205,77.0
206,275.0
207,1078.0
208,396.0
209,392.0
210,234.0
211,275.0
228,273.0
229,561.0
230,372.0
231,1461.0
232,761.0
233,526.0
234,643.0
235,1085.0
236,439.0
237,802.0
238,802.0
239,682.0
240,235.0
243,3125.0
244,1275.0
245,1430.0
246,920.0
248,546.0
249,566.0
250,630.0
251,753.0
252,607.0
253,972.0
254,1008.0
255,613.0
256,517.0
257,502.0
258,568.0
259,458.0
260,689.0
261,2131.0
262,338.0
263,219.0
264,1290.0
266,155.0
267,364.0
268,840.0
269,680.0
270,535.0
271,225.0
274,1691.0
275,800.0
276,194.0
277,666.0
278,945.0
279,189.0
293,433.0
294,694.0
295,771.0
296,300.0
297,315.0
298,226.0
299,535.0
301,745.0
302,593.0
303,1353.0
304,808.0
305,217.0
306,767.0
307,108.0
309,763.0
310,698.0
311,98.0
312,333.0
313,562.0
314,200.0
316,178.0
317,1588.0
318,979.0
319,390.0
320,282.0
321,1567.0
322,1108.0
323,1028.0
325,720.0
326,58.0
327,477.0
328,446.0
329,49.0
330,130.0
331,237.0
332,306.0
334,415.0
335,177.0
336,410.0
338,1091.0
339,127.0
340,1252.0
341,305.0
344,417.0
345,853.0
346,1277.0
347,233.0
349,680.0
350,731.0
351,304.0
363,568.0
364,1074.0
367,1918.0
368,284.0
369,159.0
370,1461.0
372,106.0
373,218.0
374,624.0
376,354.0
377,338.0
378,190.0
379,718.0
380,368.0
381,327.0
382,1038.0
385,654.0
386,830.0
387,638.0
388,150.0
389,2139.0
390,2364.0
391,1666.0
392,1695.0
393,46.0
394,710.0
395,696.0
397,1385.0
399,1074.0
400,1552.0
401,768.0
402,186.0
403,257.0
404,420.0
405,761.0
408,435.0
411,502.0
412,734.0
415,179.0
416,1243.0
417,640.0
418,1380.0
419,622.0
420,891.0
421,744.0
422,988.0
423,830.0
424,161.0
434,1241.0
435,1052.0
436,257.0
437,159.0
438,64.0
443,422.0
444,713.0
445,373.0
446,336.0
447,295.0
449,322.0
450,616.0
451,399.0
452,259.0
453,263.0
454,403.0
456,294.0
458,828.0
460,783.0
462,1716.0
463,695.0
464,746.0
465,53.0
466,1326.0
468,680.0
469,1413.0
472,838.0
473,691.0
474,978.0
475,409.0
476,1198.0
477,258.0
478,1168.0
482,36.0
483,1164.0
484,617.0
485,269.0
486,506.0
487,706.0
488,168.0
489,795.0
490,726.0
491,331.0
492,777.0
493,244.0
494,205.0
495,909.0
496,438.0
497,307.0
498,633.0
499,105.0
507,501.0
508,333.0
509,144.0
510,575.0
514,894.0
515,524.0
516,441.0
517,490.0
518,130.0
519,344.0
522,273.0
523,292.0
525,151.0
526,130.0
527,164.0
528,224.0
529,525.0
531,308.0
532,271.0
534,398.0
536,1116.0
537,230.0
538,355.0
539,127.0
540,644.0
541,723.0
542,1892.0
544,1015.0
545,274.0
546,94.0
547,235.0
548,649.0
549,1657.0
550,1019.0
552,724.0
553,37.0
554,413.0
555,273.0
556,300.0
557,1118.0
558,547.0
559,528.0
560,612.0
561,436.0
562,632.0
565,333.0
566,815.0
567,307.0
568,555.0
571,654.0
573,533.0
574,649.0
575,272.0
576,324.0
582,248.0
583,83.0
585,215.0
586,133.0
587,364.0
589,457.0
590,895.0
591,701.0
592,1053.0
593,1737.0
594,506.0
595,316.0
597,843.0
598,600.0
599,738.0
600,301.0
601,47.0
602,384.0
603,387.0
604,146.0
607,302.0
609,221.0
610,635.0
611,1386.0
612,340.0
613,1491.0
615,540.0
616,2567.0
617,2036.0
618,1230.0
620,844.0
621,620.0
622,951.0
623,1020.0
624,753.0
626,672.0
627,267.0
628,2195.0
629,1158.0
630,438.0
631,430.0
632,175.0
634,143.0
636,212.0
640,99.0
641,268.0
642,414.0
643,560.0
647,92.0
648,618.0
649,257.0
650,747.0
651,174.0
652,493.0
653,743.0
654,308.0
659,600.0
660,287.0
662,962.0
664,323.0
665,812.0
667,568.0
668,517.0
669,633.0
670,532.0
671,518.0
672,470.0
673,262.0
674,130.0
676,257.0
677,764.0
678,1338.0
679,172.0
680,1278.0
681,643.0
682,235.0
684,292.0
685,532.0
686,261.0
687,288.0
688,366.0
689,442.0
690,686.0
691,1092.0
692,338.0
693,1040.0
694,1926.0
695,2505.0
696,283.0
698,255.0
699,918.0
700,770.0
701,816.0
702,469.0
703,1535.0
704,615.0
705,599.0
706,2322.0
707,77.0
711,590.0
713,238.0
715,114.0
716,250.0
717,378.0
718,531.0
719,476.0
720,73.0
721,93.0
722,742.0
723,895.0
725,531.0
726,562.0
727,636.0
728,258.0
729,296.0
730,216.0
731,218.0
732,1060.0
733,485.0
737,764.0
738,1613.0
739,756.0
740,204.0
741,239.0
742,994.0
743,1272.0
744,428.0
745,660.0
746,682.0
747,169.0
748,667.0
749,597.0
750,250.0
751,401.0
752,446.0
753,528.0
754,232.0
755,128.0
756,347.0
757,691.0
758,156.0
759,1151.0
760,833.0
761,585.0
762,685.0
766,123.0
767,1431.0
768,833.0
769,752.0
770,532.0
771,696.0
772,821.0
773,2058.0
774,1569.0
775,902.0
776,1316.0
779,929.0
780,1166.0
781,1577.0
782,1509.0
783,288.0
784,1016.0
785,1199.0
786,507.0
787,1395.0
788,277.0
792,196.0
793,379.0
794,104.0
795,752.0
796,348.0
799,795.0
800,1055.0
801,533.0
802,373.0
804,893.0
805,423.0
806,77.0
807,929.0
808,952.0
809,849.0
810,63.0
812,489.0
813,96.0
814,1249.0
815,307.0
819,1318.0
820,471.0
821,1017.0
822,43.0
823,261.0
824,652.0
825,1417.0
826,313.0
828,336.0
829,370.0
830,642.0
831,217.0
832,339.0
833,832.0
834,544.0
835,562.0
836,1019.0
837,237.0
838,1313.0
839,878.0
840,392.0
841,765.0
842,247.0
843,916.0
844,719.0
845,786.0
847,49.0
849,910.0
850,405.0
851,855.0
852,398.0
853,298.0
854,913.0
855,333.0
856,265.0
857,727.0
861,136.0
862,1323.0
863,824.0
864,612.0
865,853.0
866,1313.0
867,1502.0
868,727.0
870,910.0
871,567.0
872,258.0
874,508.0
875,739.0
877,371.0
878,412.0
879,231.0
880,596.0
881,625.0
882,406.0
883,153.0
885,424.0
886,1158.0
887,251.0
889,525.0
890,791.0
891,720.0
892,1335.0
893,1005.0
894,564.0
895,305.0
896,1026.0
897,1303.0
898,394.0
901,1353.0
902,2448.0
903,248.0
904,45.0
905,250.0
906,1211.0
907,473.0
908,697.0
909,106.0
910,911.0
911,494.0
912,508.0
914,601.0
915,339.0
916,654.0
917,205.0
918,1318.0
919,63.0
920,711.0
921,1006.0
922,547.0
923,847.0
924,1369.0
926,731.0
927,1657.0
928,1328.0
931,249.0
932,304.0
933,423.0
935,185.0
936,1375.0
937,1146.0
941,441.0
944,1176.0
945,1959.0
946,1121.0
947,201.0
948,676.0
949,1315.0
950,645.0
951,516.0
952,235.0
954,390.0
956,81.0
958,219.0
959,1071.0
960,1037.0
962,537.0
963,504.0
964,356.0
965,950.0
966,1154.0
967,201.0
968,1133.0
969,632.0
970,273.0
971,501.0
972,162.0
973,385.0
974,97.0
975,251.0
976,573.0
977,330.0
978,372.0
979,302.0
980,1323.0
981,526.0
982,498.0
985,393.0
986,929.0
987,296.0
989,825.0
990,137.0
991,412.0
993,159.0
994,122.0
995,1072.0
996,1805.0
997,1548.0
998,927.0
999,696.0
1000,876.0
1001,992.0
1002,739.0
1003,512.0
1004,1101.0
1005,815.0
1006,158.0
1007,381.0
1008,241.0
1009,295.0
1010,632.0
1011,379.0
1012,1001.0
1013,568.0
1016,35.0
1018,48.0
1019,1054.0
1020,360.0
1021,1586.0
1022,1428.0
1023,1078.0
1024,1122.0
1025,74.0
1027,325.0
1028,623.0
1029,419.0
1030,563.0
1032,542.0
1035,375.0
1036,474.0
1039,572.0
1040,459.0
1044,299.0
1045,640.0
1046,400.0
1047,315.0
1048,117.0
1049,1158.0
1050,805.0
1051,481.0
1052,1120.0
1053,509.0
1054,586.0
1055,475.0
1056,584.0
1057,444.0
1058,530.0
1059,514.0
1060,446.0
1061,205.0
1062,626.0
1063,763.0
1064,163.0
1065,252.0
1066,1211.0
1067,439.0
1070,942.0
1071,935.0
1075,1186.0
1076,787.0
1077,415.0
1078,384.0
1079,995.0
1080,294.0
1081,911.0
1082,1039.0
1083,2027.0
1084,812.0
1085,1952.0
1086,766.0
1087,1353.0
1088,1128.0
1089,544.0
1090,96.0
1091,671.0
1092,673.0
1093,510.0
1094,676.0
1096,619.0
1097,1286.0
1098,962.0
1099,642.0
1100,328.0
1102,396.0
1103,289.0
1105,486.0
1106,244.0
1107,2536.0
1108,334.0
1111,262.0
1113,1082.0
1114,292.0
1115,479.0
1116,862.0
1117,1142.0
1118,496.0
1119,489.0
1120,2211.0
1121,1048.0
1123,207.0
1127,436.0
1128,657.0
1129,802.0
1130,210.0
1131,243.0
1132,1065.0
1133,909.0
1134,243.0
1135,64.0
1136,426.0
1137,238.0
1138,405.0
1139,462.0
1140,303.0
1141,1143.0
1142,953.0
1143,823.0
1144,551.0
1145,801.0
1146,194.0
1147,152.0
1148,566.0
1149,767.0
1150,302.0
1151,333.0
1152,366.0
1153,267.0
1154,529.0
1157,1501.0
1158,1033.0
1159,198.0
1160,309.0
1161,527.0
1162,892.0
1163,709.0
1164,877.0
1165,908.0
1166,662.0
1167,449.0
1168,654.0
1169,881.0
1170,756.0
1171,1670.0
1172,707.0
1173,503.0
1174,589.0
1175,1216.0
1176,1042.0
1177,716.0
1178,739.0
1179,260.0
1180,584.0
1181,352.0
1182,270.0
1184,1432.0
1185,864.0
1186,524.0
1187,554.0
1188,152.0
1189,395.0
1190,96.0
1191,189.0
1193,854.0
1197,96.0
1200,58.0
1201,358.0
1202,1233.0
1203,1385.0
1204,1238.0
1205,1306.0
1206,874.0
1207,410.0
1208,549.0
1210,270.0
1212,30.0
1213,52.0
1215,630.0
1216,1512.0
1217,453.0
1218,344.0
1219,132.0
1220,1247.0
1221,459.0
1222,316.0
1223,144.0
1224,689.0
1225,535.0
1226,930.0
1227,538.0
1228,366.0
1229,326.0
1230,208.0
1231,620.0
1232,379.0
1233,176.0
1234,395.0
1235,284.0
1236,488.0
1237,661.0
1238,692.0
1239,267.0
1240,356.0
1241,689.0
1242,912.0
1244,1125.0
1245,1904.0
1246,1136.0
1248,140.0
1249,562.0
1250,1299.0
1251,381.0
1252,289.0
1253,85.0
1254,270.0
1255,435.0
1256,575.0
1257,146.0
1258,1688.0
1259,1682.0
1260,750.0
1261,1033.0
1262,956.0
1263,245.0
1264,1157.0
1265,1293.0
1266,538.0
1267,725.0
1268,183.0
1269,706.0
1270,196.0
1272,571.0
1273,438.0
1274,475.0
1275,328.0
1276,346.0
1278,163.0
1279,518.0
1281,167.0
1284,42.0
1289,553.0
1291,292.0
1292,638.0
1293,1046.0
1294,1159.0
1296,409.0
1298,1052.0
1302,1069.0
1303,1034.0
1304,145.0
1305,221.0
1307,312.0
1308,404.0
1309,65.0
1310,513.0
1311,523.0
1312,717.0
1313,956.0
1314,657.0
1315,550.0
1316,624.0
1317,620.0
1318,1209.0
1319,507.0
1321,677.0
1322,42.0
1323,681.0
1324,1652.0
1325,727.0
1326,224.0
1327,571.0
1328,415.0
1329,2132.0
1330,221.0
1331,560.0
1332,842.0
1333,1191.0
1335,305.0
1336,261.0
1337,472.0
1338,856.0
1339,270.0
1341,95.0
1342,185.0
1343,1245.0
1344,1234.0
1345,987.0
1346,383.0
1347,564.0
1348,990.0
1349,634.0
1350,610.0
1351,410.0
1352,219.0
1353,1615.0
1354,761.0
1356,888.0
1357,236.0
1358,1052.0
1359,526.0
1361,1088.0
1367,561.0
1368,1146.0
1369,371.0
1371,528.0
1374,456.0
1375,373.0
1376,1849.0
1377,976.0
1378,537.0
1379,1407.0
1380,2588.0
1381,799.0
1383,346.0
1388,138.0
1389,1363.0
1390,792.0
1391,796.0
1392,289.0
1394,175.0
1395,331.0
1396,509.0
1397,505.0
1398,600.0
1399,725.0
1400,953.0
1401,1006.0
1402,1012.0
1403,644.0
1404,1120.0
1405,1153.0
1406,986.0
1407,1146.0
1408,359.0
1409,338.0
1410,452.0
1411,377.0
1412,699.0
1413,517.0
1415,525.0
1416,464.0
1417,1716.0
1419,544.0
1420,2083.0
1421,1267.0
1422,246.0
1423,301.0
1424,391.0
1425,827.0
1426,311.0
1427,207.0
1428,74.0
1429,697.0
1430,585.0
1432,94.0
1433,273.0
1434,584.0
1435,885.0
1436,865.0
1437,1344.0
1438,633.0
1439,1740.0
1440,1812.0
1441,852.0
1442,767.0
1443,821.0
1444,2014.0
1445,790.0
1446,938.0
1447,2329.0
1448,788.0
1449,821.0
1450,545.0
1454,292.0
1456,417.0
1462,368.0
1463,105.0
1464,1616.0
1465,1367.0
1466,911.0
1467,659.0
1468,1555.0
1469,986.0
1470,561.0
1471,412.0
1472,512.0
1473,413.0
1476,386.0
1477,652.0
1478,620.0
1479,569.0
1480,48.0
1481,184.0
1482,345.0
1483,558.0
1484,773.0
1485,295.0
1486,308.0
1487,378.0
1488,567.0
1489,779.0
1490,468.0
1491,550.0
1492,1233.0
1493,820.0
1494,481.0
1496,136.0
1497,237.0
1498,303.0
1499,1338.0
1500,113.0
1501,163.0
1502,268.0
1503,444.0
1504,1291.0
1505,828.0
1506,553.0
1507,601.0
1508,221.0
1509,1006.0
1513,315.0
1514,435.0
1515,51.0
1516,337.0
1517,685.0
1518,278.0
1519,724.0
1520,986.0
1521,425.0
1522,1018.0
1523,1288.0
1524,1379.0
1525,1718.0
1526,1493.0
1527,984.0
1528,258.0
1529,1097.0
1530,2078.0
1531,893.0
1532,757.0
1533,173.0
1534,744.0
1535,271.0
1536,1028.0
1537,1392.0
1538,260.0
1540,76.0
1541,297.0
1542,174.0
1543,398.0
1544,360.0
1549,228.0
1550,107.0
1551,860.0
1552,994.0
1553,647.0
1554,1286.0
1555,1128.0
1557,528.0
1558,121.0
1561,215.0
1562,394.0
1563,1193.0
1564,1360.0
1565,473.0
1566,1041.0
1567,593.0
1568,340.0
1569,786.0
1570,307.0
1571,168.0
1572,589.0
1573,927.0
1574,1057.0
1575,870.0
1576,928.0
1577,492.0
1578,1961.0
1579,1873.0
1580,1225.0
1581,1671.0
1582,386.0
1583,380.0
1584,522.0
1585,109.0
1586,879.0
1587,507.0
1588,176.0
1589,224.0
1590,311.0
1591,264.0
1592,1182.0
1593,226.0
1594,697.0
1596,1254.0
1597,572.0
1598,388.0
1599,432.0
1600,560.0
1601,212.0
1602,339.0
1603,650.0
1604,266.0
1605,1590.0
1606,656.0
1607,752.0
1608,766.0
1609,1031.0
1610,1221.0
1611,1698.0
1612,1409.0
1613,1820.0
1614,1185.0
1615,2273.0
1616,1560.0
1617,1417.0
1618,652.0
1619,651.0
1620,924.0
1621,733.0
1622,1107.0
1623,746.0
1624,979.0
1625,945.0
1627,491.0
1628,441.0
1631,335.0
1632,395.0
1636,613.0
1637,520.0
1638,858.0
1639,744.0
1641,593.0
1643,219.0
1645,297.0
1647,229.0
1648,1593.0
1649,1083.0
1650,1333.0
1651,269.0
1652,485.0
1653,309.0
1654,936.0
1655,667.0
1656,847.0
1657,599.0
1658,1712.0
1659,716.0
1660,894.0
1661,1329.0
1662,1178.0
1663,816.0
1664,389.0
1665,998.0
1666,1355.0
1667,447.0
1668,1120.0
1669,69.0
1670,104.0
1671,352.0
1672,527.0
1673,1285.0
1674,314.0
1675,177.0
1677,319.0
1678,1713.0
1679,1267.0
1680,457.0
1681,1038.0
1682,826.0
1683,1529.0
1685,155.0
1687,483.0
1688,744.0
1689,985.0
1690,326.0
1691,82.0
1692,2107.0
1693,941.0
1694,775.0
1695,596.0
1696,621.0
1697,545.0
1698,1396.0
1699,1574.0
1700,1285.0
1701,1085.0
1702,1390.0
1703,1009.0
1704,1555.0
1705,221.0
1706,1611.0
1707,768.0
1708,685.0
1709,155.0
1711,1280.0
1712,471.0
1713,319.0
1714,264.0
1715,560.0
1716,268.0
1717,745.0
1718,270.0
1722,232.0
1723,1096.0
1724,2214.0
1725,2092.0
1726,325.0
1728,1865.0
1729,146.0
1731,432.0
1732,125.0
1733,392.0
1734,490.0
1735,1332.0
1736,896.0
1737,412.0
1738,244.0
1739,339.0
1740,312.0
1741,442.0
1742,639.0
1743,608.0
1744,1004.0
1745,748.0
1746,125.0
1747,1440.0
1748,761.0
1749,766.0
1750,290.0
1751,561.0
1752,877.0
1753,1138.0
1754,686.0
1755,644.0
1756,229.0
1757,612.0
1759,918.0
1760,93.0
1762,630.0
1763,223.0
1764,1525.0
1765,1751.0
1766,553.0
1767,503.0
1768,276.0
1769,1371.0
1770,1036.0
1772,362.0
1773,106.0
1775,1197.0
1776,312.0
1777,580.0
1778,54.0
1779,1113.0
1780,751.0
1781,492.0
1782,546.0
1783,616.0
1784,1197.0
1785,935.0
1786,690.0
1787,1234.0
1788,994.0
1789,1925.0
1790,1123.0
1791,377.0
1792,438.0
1793,673.0
1794,556.0
1795,1221.0
1796,963.0
1797,1420.0
1798,383.0
1800,392.0
1803,208.0
1808,1471.0
1810,2070.0
1811,341.0
1812,1717.0
1813,469.0
1814,1079.0
1816,232.0
1817,402.0
1818,118.0
1820,270.0
1821,605.0
1822,281.0
1824,390.0
1825,270.0
1826,320.0
1827,152.0
1828,792.0
1829,731.0
1830,385.0
1831,430.0
1832,478.0
1833,891.0
1834,414.0
1835,173.0
1836,553.0
1837,37.0
1839,900.0
1840,888.0
1841,493.0
1842,297.0
1843,380.0
1844,673.0
1845,382.0
1846,1075.0
1847,517.0
1848,363.0
1850,734.0
1851,988.0
1852,261.0
1853,195.0
1854,1199.0
1855,1638.0
1856,2134.0
1857,287.0
1858,121.0
1859,315.0
1860,810.0
1861,222.0
1862,855.0
1863,420.0
1864,575.0
1865,910.0
1866,496.0
1867,518.0
1868,854.0
1869,1167.0
1870,144.0
1871,1231.0
1872,220.0
1874,1198.0
1875,1154.0
1876,1272.0
1877,515.0
1878,1057.0
1879,708.0
1880,442.0
1881,1062.0
1882,951.0
1883,449.0
1884,1075.0
1885,1151.0
1887,65.0
1894,715.0
1895,1368.0
1896,808.0
1897,808.0
1898,986.0
1899,590.0
1900,1530.0
1901,411.0
1905,646.0
1906,1373.0
1907,1007.0
1908,352.0
1909,395.0
1910,404.0
1911,937.0
1912,154.0
1913,121.0
1914,465.0
1915,334.0
1916,386.0
1917,422.0
1918,549.0
1919,728.0
1920,911.0
1921,602.0
1922,1259.0
1923,309.0
1924,612.0
1925,1174.0
1926,587.0
1927,516.0
1928,375.0
1929,382.0
1930,875.0
1931,906.0
1932,610.0
1934,64.0
1935,741.0
1936,1229.0
1938,584.0
1939,781.0
1941,393.0
1942,1180.0
1944,481.0
1945,170.0
1946,184.0
1947,837.0
1948,171.0
1949,783.0
1950,83.0
1951,278.0
1952,1007.0
1953,879.0
1954,557.0
1955,914.0
1956,308.0
1957,2343.0
1958,2049.0
1959,1598.0
1960,1652.0
1961,1351.0
1962,1194.0
1963,584.0
1964,181.0
1965,1335.0
1966,827.0
1967,624.0
1968,1143.0
1969,1013.0
1973,1188.0
1974,390.0
1979,1318.0
1980,765.0
1981,1891.0
1982,999.0
1983,552.0
1984,398.0
1985,1451.0
1986,226.0
1987,588.0
1988,86.0
1990,218.0
1991,575.0
1992,1196.0
1993,1427.0
1994,122.0
1995,177.0
1996,527.0
1997,928.0
1998,253.0
1999,477.0
2000,899.0
2001,107.0
2002,722.0
2003,1234.0
2004,1115.0
2005,1116.0
2006,1019.0
2007,1292.0
2008,626.0
2009,261.0
2010,1446.0
2011,1474.0
2012,777.0
2013,160.0
2014,165.0
2015,575.0
2016,749.0
2018,489.0
2019,180.0
2020,409.0
2021,642.0
2022,759.0
2023,464.0
2025,193.0
2026,194.0
2027,1001.0
2028,802.0
2030,510.0
2031,79.0
2032,536.0
2033,633.0
2035,432.0
2036,1158.0
2037,328.0
2038,727.0
2039,1070.0
2040,1171.0
2041,1175.0
2042,1439.0
2043,1221.0
2044,186.0
2045,1599.0
2046,1480.0
2047,1395.0
2048,1242.0
2049,660.0
2050,401.0
2051,760.0
2052,830.0
2053,868.0
2054,146.0
2055,821.0
2060,693.0
2065,437.0
2066,803.0
2067,954.0
2068,827.0
2069,298.0
2070,768.0
2071,415.0
2072,789.0
2074,117.0
2075,690.0
2076,1187.0
2077,747.0
2078,36.0
2080,976.0
2081,1053.0
2082,1270.0
2083,154.0
2084,150.0
2085,1339.0
2086,1087.0
2087,337.0
2088,1082.0
2089,1233.0
2090,1269.0
2091,1338.0
2092,1110.0
2093,429.0
2094,554.0
2095,874.0
2096,1136.0
2097,31.0
2098,250.0
2099,66.0
2100,240.0
2101,725.0
2102,800.0
2103,216.0
2104,593.0
2106,923.0
2107,347.0
2108,567.0
2109,316.0
2110,779.0
2111,732.0
2112,509.0
2113,1092.0
2114,554.0
2115,346.0
2116,478.0
2117,659.0
2118,923.0
2119,359.0
2120,138.0
2121,129.0
2122,566.0
2123,1151.0
2124,630.0
2125,1400.0
2126,1613.0
2127,1492.0
2128,1492.0
2129,823.0
2130,1902.0
2131,1409.0
2132,787.0
2133,1361.0
2134,841.0
2135,364.0
2136,710.0
2137,222.0
2138,567.0
2139,180.0
2140,678.0
2141,224.0
2143,567.0
2148,2224.0
2149,386.0
2150,765.0
2151,1644.0
2152,190.0
2153,455.0
2154,485.0
2155,462.0
2157,130.0
2160,794.0
2161,1088.0
2162,606.0
2163,694.0
2164,475.0
2165,860.0
2166,1956.0
2167,596.0
2168,305.0
2169,894.0
2170,789.0
2171,598.0
2172,300.0
2173,745.0
2174,1382.0
2175,1096.0
2176,989.0
2177,381.0
2178,888.0
2179,528.0
2181,413.0
2182,397.0
2183,202.0
2184,189.0
2186,750.0
2187,427.0
2188,79.0
2189,1078.0
2190,741.0
2191,163.0
2192,240.0
2194,476.0
2195,281.0
2196,649.0
2197,1071.0
2198,1313.0
2199,150.0
2202,558.0
2203,381.0
2204,384.0
2205,479.0
2206,556.0
2207,1058.0
2208,1069.0
2209,363.0
2210,449.0
2211,1058.0
2212,1385.0
2213,733.0
2214,596.0
2215,1398.0
2216,1112.0
2217,1109.0
2218,360.0
2219,824.0
2220,670.0
2221,498.0
2222,837.0
2223,562.0
2225,452.0
2226,33.0
2227,280.0
2228,413.0
2229,636.0
2233,1633.0
2234,1865.0
2235,267.0
2236,640.0
2237,398.0
2238,366.0
2239,565.0
2240,382.0
2241,140.0
2242,77.0
2243,258.0
2244,1638.0
2245,235.0
2246,417.0
2247,687.0
2248,802.0
2249,217.0
2250,1569.0
2251,631.0
2252,422.0
2253,968.0
2254,971.0
2255,912.0
2256,301.0
2257,901.0
2258,282.0
2259,2183.0
2260,126.0
2261,973.0
2262,455.0
2263,212.0
2264,298.0
2265,159.0
2266,330.0
2268,453.0
2269,1276.0
2271,229.0
2273,638.0
2274,818.0
2275,476.0
2276,716.0
2277,79.0
2278,888.0
2280,677.0
2281,2451.0
2282,1310.0
2283,108.0
2285,242.0
2286,1047.0
2287,389.0
2289,224.0
2290,852.0
2291,1091.0
2292,630.0
2293,1277.0
2294,1687.0
2295,801.0
2296,276.0
2297,645.0
2298,424.0
2299,1016.0
2300,533.0
2301,1518.0
2302,134.0
2303,253.0
2304,274.0
2305,761.0
2306,790.0
2309,253.0
2310,264.0
2315,524.0
2316,873.0
2317,1247.0
2318,809.0
2319,474.0
2320,1508.0
2321,610.0
2322,142.0
2323,239.0
2324,714.0
2326,764.0
2327,816.0
2328,2028.0
2329,1206.0
2330,383.0
2331,683.0
2332,436.0
2333,806.0
2334,685.0
2335,43.0
2336,631.0
2337,463.0
2338,1284.0
2339,187.0
2340,1026.0
2341,155.0
2342,916.0
2343,629.0
2344,130.0
2345,194.0
2346,450.0
2347,580.0
2348,107.0
2349,113.0
2350,577.0
2351,711.0
2353,844.0
2355,881.0
2356,1740.0
2357,443.0
2358,629.0
2359,1321.0
2361,274.0
2362,1491.0
2363,691.0
2364,346.0
2365,979.0
2366,112.0
2367,882.0
2369,294.0
2370,813.0
2371,600.0
2373,1030.0
2374,329.0
2375,262.0
2376,610.0
2377,259.0
2378,423.0
2379,605.0
2380,438.0
2382,537.0
2383,941.0
2384,790.0
2385,554.0
2386,1015.0
2387,1200.0
2388,1284.0
2389,1610.0
2391,259.0
2395,1064.0
2398,417.0
2399,1270.0
2400,1352.0
2401,600.0
2402,426.0
2403,1462.0
2404,762.0
2405,75.0
2406,566.0
2407,569.0
2409,362.0
2410,1480.0
2411,1108.0
2412,1801.0
2413,485.0
2414,760.0
2415,586.0
2416,801.0
2417,121.0
2418,661.0
2419,849.0
2420,745.0
2421,699.0
2422,990.0
2423,426.0
2424,1044.0
2425,486.0
2426,988.0
2427,633.0
2428,423.0
2429,481.0
2430,472.0
2431,381.0
2433,800.0
2435,240.0
2437,452.0
2438,569.0
2439,1094.0
2440,713.0
2441,967.0
2442,1126.0
2443,251.0
2444,1467.0
2445,1679.0
2447,39.0
2448,919.0
2449,456.0
2450,356.0
2452,787.0
2453,290.0
2454,746.0
2455,502.0
2456,120.0
2457,745.0
2458,227.0
2459,1304.0
2460,1233.0
2461,1500.0
2462,157.0
2463,1309.0
2464,1604.0
2465,2060.0
2466,955.0
2467,1634.0
2468,1204.0
2469,363.0
2470,722.0
2471,1460.0
2472,731.0
2474,656.0
2477,340.0
2480,209.0
2481,1434.0
2482,778.0
2483,1514.0
2485,276.0
2486,551.0
2487,655.0
2488,166.0
2490,415.0
2491,238.0
2493,1347.0
2494,655.0
2495,872.0
2496,62.0
2497,465.0
2498,286.0
2499,1304.0
2500,207.0
2501,229.0
2502,735.0
2503,1273.0
2504,887.0
2505,720.0
2506,766.0
2508,1072.0
2509,365.0
2510,1220.0
2511,189.0
2512,512.0
2513,786.0
2514,1370.0
2515,1271.0
2516,1206.0
2520,51.0
2521,987.0
2522,1588.0
2523,1452.0
2524,1806.0
2525,260.0
2526,455.0
2527,193.0
2528,322.0
2529,208.0
2530,279.0
2532,179.0
2533,419.0
2534,330.0
2535,642.0
2536,331.0
2537,1257.0
2538,990.0
2539,1227.0
2540,1288.0
2541,719.0
2542,469.0
2543,191.0
2544,834.0
2545,361.0
2546,519.0
2547,934.0
2548,1390.0
2549,772.0
2550,714.0
2551,841.0
2552,627.0
2553,803.0
2554,1055.0
2555,462.0
2558,184.0
2562,61.0
2563,1360.0
2564,1054.0
2565,2239.0
2566,1229.0
2567,842.0
2568,1543.0
2569,96.0
2570,425.0
2574,602.0
2575,1209.0
2576,422.0
2577,481.0
2578,1373.0
2579,240.0
2580,789.0
2581,897.0
2582,592.0
2584,987.0
2585,1089.0
2586,612.0
2587,563.0
2588,677.0
2589,288.0
2590,822.0
2591,294.0
2592,393.0
2594,1160.0
2595,836.0
2596,936.0
2600,585.0
2601,438.0
2602,1211.0
2603,531.0
2604,541.0
2605,1004.0
2606,45.0
2608,313.0
2609,247.0
2610,1036.0
2611,1498.0
2612,1043.0
2613,442.0
2616,629.0
2617,927.0
2618,863.0
2619,1525.0
2620,218.0
2621,105.0
2622,1599.0
2623,421.0
2624,463.0
2625,1486.0
2626,1780.0
2627,871.0
2628,600.0
2629,1145.0
2630,591.0
2631,856.0
2632,1545.0
2633,158.0
2634,1374.0
2637,587.0
2639,616.0
2643,764.0
2644,466.0
2645,352.0
2646,573.0
2648,436.0
2649,1334.0
2650,1015.0
2652,280.0
2653,921.0
2654,521.0
2656,414.0
2657,1147.0
2658,604.0
2659,596.0
2660,728.0
2661,714.0
2662,717.0
2663,486.0
2664,939.0
2665,650.0
2666,452.0
2667,1140.0
2668,652.0
2669,685.0
2670,385.0
2671,372.0
2672,327.0
2673,218.0
2674,64.0
2675,296.0
2676,705.0
2677,739.0
2678,459.0
2679,195.0
2680,237.0
2681,735.0
2682,506.0
2683,83.0
2684,1162.0
2685,1577.0
2686,938.0
2687,90.0
2688,613.0
2689,1121.0
2690,848.0
2691,1380.0
2692,1921.0
2693,1563.0
2694,317.0
2695,228.0
2697,783.0
2698,1302.0
2699,800.0
2701,1357.0
2702,725.0
2703,642.0
2704,1281.0
2705,1119.0
2706,1518.0
2707,1018.0
2708,483.0
2709,860.0
2710,2384.0
2711,743.0
2712,553.0
2713,631.0
2714,924.0
2715,768.0
2723,717.0
2724,736.0
2725,1609.0
2726,954.0
2727,584.0
2729,1298.0
2730,567.0
2732,291.0
2733,189.0
2734,278.0
2736,489.0
2737,1539.0
2738,287.0
2739,1443.0
2740,749.0
2741,595.0
2742,1173.0
2743,53.0
2744,708.0
2745,565.0
2746,859.0
2747,982.0
2748,463.0
2749,1660.0
2750,1024.0
2751,528.0
2752,636.0
2753,136.0
2755,169.0
2756,736.0
2757,256.0
2758,1072.0
2760,219.0
2761,356.0
2762,1005.0
2763,1202.0
2764,498.0
2765,1866.0
2766,2087.0
2767,333.0
2769,761.0
2770,552.0
2771,853.0
2772,1994.0
2773,2041.0
2774,427.0
2777,358.0
2778,570.0
2779,551.0
2780,612.0
2781,985.0
2782,209.0
2783,1914.0
2784,884.0
2785,416.0
2786,1383.0
2787,1531.0
2788,763.0
2789,436.0
2790,373.0
2791,325.0
2792,460.0
2793,849.0
2795,348.0
2796,367.0
2797,274.0
2798,499.0
2803,1083.0
2804,283.0
2805,460.0
2806,1759.0
2807,142.0
2808,1261.0
2809,893.0
2810,750.0
2811,120.0
2816,353.0
2817,1670.0
2818,852.0
2819,1175.0
2820,896.0
2821,963.0
2822,317.0
2823,594.0
2824,405.0
2826,636.0
2827,193.0
2828,650.0
2829,266.0
2830,798.0
2831,253.0
2832,567.0
2833,448.0
2834,912.0
2835,435.0
2836,618.0
2837,739.0
2840,423.0
2841,834.0
2842,2243.0
2843,496.0
2844,338.0
2845,850.0
2846,202.0
2847,374.0
2850,563.0
2851,1294.0
2852,671.0
2853,295.0
2854,1387.0
2855,348.0
2857,286.0
2858,276.0
2859,875.0
2860,1007.0
2861,1572.0
2862,882.0
2863,709.0
2864,347.0
2865,618.0
2866,600.0
2867,673.0
2868,729.0
2869,1122.0
2870,1885.0
2871,915.0
2872,1317.0
2873,1184.0
2874,815.0
2876,185.0
2877,191.0
2879,871.0
2882,769.0
2883,1528.0
2884,1396.0
2885,1444.0
2886,1043.0
2887,765.0
2888,1003.0
2889,1129.0
2890,842.0
2891,215.0
2892,382.0
2893,545.0
2894,228.0
2896,625.0
2897,699.0
2898,1019.0
2899,857.0
2900,82.0
2901,478.0
2902,234.0
2903,991.0
2904,1126.0
2905,962.0
2906,816.0
2907,1178.0
2908,466.0
2909,314.0
2910,170.0
2912,379.0
2913,580.0
2914,1273.0
2915,63.0
2917,480.0
2918,88.0
2919,1394.0
2920,155.0
2921,886.0
2922,156.0
2923,568.0
2924,89.0
2927,110.0
2928,979.0
2929,344.0
2930,609.0
2931,737.0
2932,291.0
2933,881.0
2935,323.0
2938,207.0
2939,222.0
2940,133.0
2941,643.0
2943,527.0
2944,1255.0
2945,1057.0
2946,1014.0
2947,126.0
2948,720.0
2949,1508.0
2950,119.0
2951,1065.0
2954,57.0
2955,289.0
2957,553.0
2960,914.0
2963,929.0
2964,436.0
2965,1572.0
2966,847.0
2967,2462.0
2968,619.0
2969,1099.0
2971,204.0
2972,494.0
2973,269.0
2974,300.0
2976,744.0
2977,969.0
2978,631.0
2979,396.0
2980,478.0
2981,133.0
2982,888.0
2983,1894.0
2985,595.0
2986,281.0
2987,1145.0
2988,620.0
2989,272.0
2990,171.0
2991,691.0
2992,571.0
2993,802.0
2994,306.0
2996,659.0
2998,538.0
2999,390.0
3000,710.0
3001,827.0
3002,373.0
3003,779.0
3004,689.0
3005,361.0
3006,98.0
3007,420.0
3008,285.0
3009,1194.0
3010,714.0
3011,500.0
3012,1222.0
3013,303.0
3014,167.0
3016,451.0
3017,80.0
3018,616.0
3019,343.0
3021,743.0
3022,815.0
3023,1089.0
3024,197.0
3025,1138.0
3026,345.0
3027,1324.0
3028,458.0
3029,1023.0
3030,330.0
3031,858.0
3034,361.0
3037,311.0
3039,175.0
3040,1097.0
3041,616.0
3043,116.0
3044,411.0
3045,89.0
3046,508.0
3047,345.0
3049,143.0
3051,1002.0
3052,948.0
3053,623.0
3054,965.0
3055,433.0
3056,469.0
3057,329.0
3058,475.0
3059,1273.0
3060,430.0
3061,931.0
3062,145.0
3063,795.0
3065,520.0
3066,1037.0
3067,261.0
3068,667.0
3070,219.0
3072,230.0
3073,198.0
3074,1491.0
3075,1397.0
3076,632.0
3077,753.0
3079,323.0
3080,866.0
3081,711.0
3082,696.0
3084,82.0
3085,336.0
3086,1350.0
3087,988.0
3088,1295.0
3089,1004.0
3090,136.0
3092,468.0
3093,126.0
3094,1042.0
3095,380.0
3096,1167.0
3097,710.0
3098,944.0
3099,1644.0
3100,849.0
3101,1152.0
3102,672.0
3103,1031.0
3104,461.0
3105,1108.0
3106,414.0
3107,408.0
3108,77.0
3109,325.0
3110,233.0
3111,587.0
3112,94.0
3116,619.0
3117,782.0
3119,868.0
3120,1351.0
3121,272.0
3122,412.0
3123,815.0
3125,112.0
3126,81.0
3127,448.0
3128,743.0
3129,1162.0
3130,1936.0
3131,641.0
3132,947.0
3133,1124.0
3134,708.0
3135,1289.0
3136,722.0
3137,311.0
3138,1104.0
3139,714.0
3140,489.0
3141,673.0
3142,540.0
3143,490.0
3144,1072.0
3145,252.0
3147,645.0
3148,597.0
3149,712.0
3150,514.0
3151,824.0
3152,246.0
3153,1326.0
3155,690.0
3156,277.0
3157,185.0
3158,1047.0
3159,557.0
3160,279.0
3161,1444.0
3162,1287.0
3163,903.0
3164,506.0
3165,296.0
3166,61.0
3168,386.0
3169,481.0
3170,212.0
3171,569.0
3172,499.0
3173,313.0
3174,1090.0
3175,641.0
3176,1580.0
3177,521.0
3178,649.0
3180,353.0
3181,96.0
3182,206.0
3184,841.0
3185,299.0
3190,359.0
3191,639.0
3192,1777.0
3193,508.0
3194,129.0
3195,1572.0
3196,829.0
3199,265.0
3201,444.0
3202,1238.0
3203,219.0
3204,439.0
3205,443.0
3206,705.0
3207,306.0
3208,313.0
3209,898.0
3210,338.0
3211,911.0
3213,1232.0
3214,661.0
3215,691.0
3216,372.0
3218,848.0
3219,331.0
3220,236.0
3222,123.0
3223,430.0
3224,278.0
3225,335.0
3226,1693.0
3227,975.0
3228,755.0
3229,935.0
3231,500.0
3232,346.0
3233,1031.0
3234,260.0
3235,1166.0
3236,1303.0
3237,1122.0
3238,1268.0
3239,1322.0
3244,114.0
3245,1013.0
3246,612.0
3247,407.0
3248,170.0
3249,367.0
3250,565.0
3251,146.0
3252,672.0
3253,478.0
3254,441.0
3256,301.0
3257,445.0
3259,897.0
3261,142.0
3265,818.0
3266,1453.0
3267,109.0
3268,164.0
3269,561.0
3270,1041.0
3271,607.0
3272,1051.0
3273,342.0
3274,211.0
3275,328.0
3276,1003.0
3277,496.0
3279,585.0
3280,112.0
3281,107.0
3282,645.0
3283,624.0
3284,245.0
3285,412.0
3286,283.0
3287,218.0
3288,687.0
3289,757.0
3294,268.0
3295,919.0
3296,1136.0
3297,1433.0
3298,1083.0
3299,1488.0
3300,903.0
3303,207.0
3305,1170.0
3306,755.0
3307,599.0
3308,317.0
3309,210.0
3310,1035.0
3311,435.0
3312,856.0
3313,184.0
3314,436.0
3316,204.0
3317,718.0
3318,343.0
3319,1151.0
3320,492.0
3321,625.0
3322,1121.0
3323,403.0
3324,364.0
3325,475.0
3326,115.0
3327,465.0
3329,435.0
3331,234.0
3332,556.0
3338,1312.0
3339,543.0
3340,492.0
3341,329.0
3343,380.0
3344,718.0
3345,322.0
3346,473.0
3347,866.0
3348,498.0
3349,806.0
3350,414.0
3351,1480.0
3352,857.0
3353,135.0
3354,410.0
3355,245.0
3356,1571.0
3357,1507.0
3358,262.0
3359,540.0
3361,1537.0
3362,1184.0
3363,678.0
3365,114.0
3366,307.0
3368,1830.0
3369,638.0
3370,726.0
3371,1418.0
3372,2114.0
3373,658.0
3374,957.0
3376,852.0
3377,467.0
3379,186.0
3380,423.0
3381,1202.0
3382,632.0
3383,740.0
3384,125.0
3385,564.0
3386,315.0
3389,143.0
3390,568.0
3392,1360.0
3393,1293.0
3394,1138.0
3395,1142.0
3396,864.0
3397,1880.0
3398,280.0
3399,504.0
3402,265.0
3406,581.0
3410,425.0
3412,1301.0
3413,594.0
3414,1569.0
3415,241.0
3416,622.0
3417,217.0
3418,318.0
3419,346.0
3420,841.0
3421,283.0
3422,766.0
3423,1752.0
3424,285.0
3425,209.0
3426,821.0
3427,1023.0
3428,1000.0
3429,404.0
3430,347.0
3431,589.0
3432,675.0
3433,771.0
3434,557.0
3436,645.0
3437,232.0
3438,590.0
3439,648.0
3440,1602.0
3441,369.0
3442,507.0
3443,941.0
3444,1127.0
3445,874.0
3447,345.0
3448,1120.0
3449,117.0
3450,615.0
3451,295.0
3452,1206.0
3453,811.0
3454,352.0
3455,910.0
3456,171.0
3457,1239.0
3459,235.0
3461,700.0
3462,1307.0
3463,600.0
3464,1454.0
3465,1015.0
3466,504.0
3467,1190.0
3468,1233.0
3469,1046.0
3470,1736.0
3471,90.0
3472,675.0
3473,362.0
3474,730.0
3480,447.0
3481,1129.0
3482,170.0
3483,915.0
3484,667.0
3485,315.0
3486,281.0
3488,370.0
3491,651.0
3492,549.0
3493,838.0
3494,742.0
3495,904.0
3496,791.0
3497,1333.0
3498,653.0
3499,1483.0
3500,921.0
3501,261.0
3502,323.0
3503,433.0
3504,431.0
3507,705.0
3508,452.0
3509,1076.0
3510,601.0
3511,551.0
3513,492.0
3516,851.0
3517,316.0
3518,608.0
3519,1409.0
3520,133.0
3521,548.0
3523,716.0
3524,1067.0
3525,988.0
3527,854.0
3528,791.0
3529,234.0
3532,641.0
3533,154.0
3535,789.0
3536,262.0
3537,913.0
3538,305.0
3539,1117.0
3540,49.0
3541,305.0
3544,376.0
3545,577.0
3547,195.0
3549,796.0
3550,104.0
3551,1056.0
3552,675.0
3554,1482.0
3555,650.0
3556,128.0
3557,632.0
3558,395.0
3560,185.0
3561,904.0
3562,266.0
3563,318.0
3564,395.0
3565,718.0
3566,288.0
3567,649.0
3568,866.0
3569,792.0
3570,320.0
3571,365.0
3572,162.0
3573,761.0
3574,254.0
3575,195.0
3576,380.0
3577,1167.0
3582,442.0
3586,462.0
3587,550.0
3588,195.0
3589,638.0
3592,146.0
3593,578.0
3594,506.0
3595,412.0
3596,662.0
3597,421.0
3598,457.0
3599,302.0
3600,253.0
3601,770.0
3602,578.0
3603,591.0
3604,425.0
3605,555.0
3606,801.0
3607,1270.0
3608,754.0
3609,549.0
3610,144.0
3611,177.0
3612,248.0
3613,81.0
3616,658.0
3617,308.0
3618,230.0
3619,1159.0
3620,1011.0
3621,1993.0
3622,844.0
3623,442.0
3624,324.0
3625,217.0
3627,891.0
3628,306.0
3629,199.0
3630,532.0
3631,228.0
3632,966.0
3633,287.0
3634,1507.0
3635,858.0
3636,615.0
3637,194.0
3638,216.0
3639,577.0
3640,191.0
3641,218.0
3642,411.0
3643,535.0
3644,866.0
3645,407.0
3647,75.0
3648,324.0
3649,231.0
3650,1096.0
3651,224.0
3652,465.0
3655,826.0
3656,191.0
3659,181.0
3660,360.0
3662,400.0
3663,497.0
3664,1061.0
3665,94.0
3666,123.0
3668,205.0
3671,97.0
3672,187.0
3673,482.0
3674,274.0
3675,75.0
3676,320.0
3677,221.0
3680,1251.0
3681,1335.0
3682,251.0
3683,1206.0
3684,1207.0
3685,254.0
3686,366.0
3691,94.0
3693,730.0
3694,366.0
3695,165.0
3696,218.0
3697,197.0
3698,208.0
3699,1012.0
3700,412.0
3701,71.0
3702,710.0
3703,398.0
3704,812.0
3705,253.0
3707,420.0
3708,2394.0
3709,823.0
3711,741.0
3712,261.0
3713,1026.0
3715,591.0
3716,590.0
3717,281.0
3719,1597.0
3720,556.0
3725,958.0
3726,1099.0
3727,899.0
3728,1017.0
3729,54.0
3731,234.0
3732,111.0
3733,261.0
3734,35.0
3736,90.0
3737,228.0
3738,133.0
3740,177.0
3741,374.0
3743,270.0
3744,761.0
3745,462.0
3746,1789.0
3748,220.0
3749,230.0
3751,925.0
3752,179.0
3753,153.0
3755,350.0
3756,230.0
3757,68.0
3759,431.0
3760,1175.0
3761,501.0
3762,171.0
3763,295.0
3764,538.0
3765,304.0
3766,1940.0
3767,283.0
3769,695.0
3770,722.0
3771,791.0
3772,97.0
3773,645.0
3774,664.0
3776,412.0
3777,331.0
3779,309.0
3780,80.0
3781,470.0
3782,401.0
3787,98.0
3788,431.0
3789,805.0
3790,900.0
3791,194.0
3792,720.0
3793,279.0
3794,373.0
3795,468.0
3796,545.0
3797,338.0
3799,114.0
3803,252.0
3804,422.0
3805,1384.0
3806,3601.0
3807,1737.0
3808,2244.0
3809,5541.0
3810,5148.0
3811,5234.0
3812,5196.0
3813,5235.0
3814,1908.0
3815,4637.0
3816,2061.0
3817,2233.0
3818,3571.0
3819,1565.0
3820,3479.0
3821,3306.0
3822,4690.0
3823,3932.0
3824,4200.0
3825,2585.0
3826,4319.0
3827,2228.0
3828,3181.0
3829,2824.0
3830,4314.0
3831,3475.0
3832,3805.0
3833,3960.0
3834,1241.0
3836,118.0
3837,988.0
3838,1090.0
3839,252.0
3840,636.0
3841,507.0
3843,408.0
3845,267.0
3847,64.0
3849,768.0
3850,354.0
3856,557.0
3857,563.0
3858,669.0
3859,717.0
3860,625.0
3861,1154.0
