"","cell_ID","05 OB-IMN GABA","30 Astro-Epen","03 OB-CR Glut","34 Immune","33 Vascular","31 OPC-Oligo","32 OEC","06 CTX-CGE GABA","29 CB Glut","09 CNU-LGE GABA","12 HY GABA","10 LSX GABA","02 NP-CT-L6b Glut","11 CNU-HYa GABA","13 CNU-HYa Glut"
"1","1",0,0,0,0,1,0,0,0,0,0,0,0,0,2.72313416304284e-21,0
"2","2",0,0.123073897948048,0,0,0,0,0.417333994825207,0,0.314100947030327,0,0,0,0.145491160196418,0,0
"3","4",0,0,0,0,1,0,0,0,0,0,0,0,0,0,0
"4","5",0,0.250947268364766,0,0,0.116639544438584,4.50841899300783e-20,-1.70046889216918e-19,0,0.259709898325054,0,0,0,0.254011452468459,0.118691836403138,0
"5","6",0,0.330887167782739,0,0,0.0380984437791827,0,0,0,0.474133272876126,0,0,0,0,0,0.156881115561952
"6","7",0,0.0451982843056435,0.101737463093679,0.0887853264610468,0.0668916043654795,0,0,0,0.325462415871156,0,0.116201297247356,0,0,0,0.255723608655639
"7","8",0,0.0320165853069968,0,0,0.230176309509053,0,0.20518979074492,0,0.071284333247036,0,0,0,0.42191517826386,0.0394178029281342,0
"8","9",0,0,0,0,0.999854265199482,0,0,0.000145734800518178,0,0,0,0,0,0,0
"9","17",0,0.133312124429575,0.00318658476958531,0.0543960259347943,0.211201203126844,0.0333729631226308,0,0,0.422661471216421,0,0,0,0,0,0.141869627400149
"10","18",0,0,0,0.0526197545409633,0.0722334557955319,0,0.280687318031293,0,0.31008984540226,0,0,0,0.186164093657479,0.0439086236253317,0.0542969089471417
"11","19",0,0.277043458700608,0.0542228122446456,0,0.0904399687726887,0,0,0,0.370860677771456,0,0.109157466801097,0,0,0,0.0982756157095052
"12","20",0,0.314830657445347,0.000279558832091597,0,0,0,0,0,0.449705016771416,0,0.106669887869952,0,0,0,0.128514879081193
"13","21",0,0.186021586135766,0.0871158404958098,0.0206608445636492,0,0,0,0,0.470600921496057,0,0.158025746942773,0,0,0,0.0775750603659449
"14","22",0,0.172042492684009,0.183312029550733,0,0.111187004219674,0,0,0,0.309810864990831,0,0.0941160134613754,0,0,0,0.129531595093378
"15","23",0,0.177848707725782,0.129507855203412,0.049771167600864,0.113752243956572,0,0,0,0.333466735263758,0,0.103715747847377,0,0,0,0.0919375424022355
"16","24",0,0.158819041081568,0.315414534891342,0,0,0.0789196341834262,0,0,0.314209954730183,0,0.0476480544980175,0,0,0,0.0849887806154628
"17","25",0,0,0,0,1,0,-3.29435132218637e-18,-2.72086385465646e-20,0,0,0,0,0,0,0
"18","26",0.00915487752670249,0,0,0,0.0824428035228165,0,0,0.311230168963349,0.441386191982702,0,0,0.15578595800443,0,0,0
"19","27",0,0.184497576063546,0.32591537385067,0,0,0.107363231660744,0,0,0.150230125392953,0,0.0592482625769452,0,0,0,0.172745430455142
"20","28",0,0,0,3.27020236533442e-05,0.430460351050358,0,1.21512366770487e-05,0,0.288307903545654,0,0,0,0.244179607623509,0.037007284520149,0
"21","29",0,0.397597626202676,0,0,0.38759633773575,0,0.214806036061574,0,0,0,0,0,0,0,0
"22","30",0.146940736897679,0.0575963405517551,0,0.489328915135442,0,0,0,0,0.306078973008579,0,0,5.50344065442362e-05,0,0,0
"23","31",0,0,0,0.0083812384711829,0.503330255049043,0,0,0,0.352570868036543,0,0.078229231625228,0,0,0,0.0574884068180034
"24","32",0,0,0,0.0310355797917253,0,0,0.277779668821761,0,0.416452137258005,0,0,0,0.27473261412851,0,0
"25","33",0,0,0,0,0.709227525284881,0,0,0,0.0378637240042289,0,0,0,0.250146785603823,0.0027619651070676,0
"26","34",0,0,0,0.301367808246093,0.648359282897755,0.0502729088561518,0,0,0,0,0,0,0,0,0
"27","42",0,0.504658524141906,0.183671521929117,0.259762418933048,0,0.0519075349959292,0,0,0,0,0,0,0,0,0
"28","43",0,0.117693424084339,0.543957747985756,0,0,0,0,0,0.213261481390486,0,0,0,0,0,0.12508734653942
"29","44",0,0.134589686379515,0.135848970350195,0.0170608505812746,0.186720250456966,0.0260385755374424,0,0,0.258548633956607,0,0.0997602860324228,0,0,0,0.141432746705578
"30","45",0,0.118853197931568,0.700203699062951,0,0.090888604467247,0,0,0,0.0800403352893876,0,0.0100141632488464,0,0,0,0
"31","46",0,0.293412094974325,0.33081676350714,0.171048811583095,0.0951646726211888,0,0,0,0.109164560792017,0,0.000393096522234009,0,0,0,0
"32","47",0,0,0.719796388192266,0.0636156183018494,0,0,0,0,0.216126870606039,0,0.000461122899845768,0,0,0,0
"33","48",0,0,0.545927075993228,0.203549314710659,0,0,0,0,0.250523609296113,0,0,0,0,0,0
"34","49",0,0.0676929811839905,0.428756153413714,0.0352976781940069,0.0717703266876724,0,0,0,0.314117228608185,0,0.0823656319124311,0,0,0,0
"35","50",0,0,0.650163982485652,0,0,0,0,0,0.213876552423576,0,0.115838425735489,0,0,0,0.0201210393552827
"36","51",0,0,0.917081135832895,0.0829188641671055,0,0,0,0,0,0,0,0,0,0,0
"37","52",0,0.0991421500176534,0.0862681956459946,0,0.333001174769246,0,0,0,0.286888623254404,0,0.155354235050504,0,0,0,0.0393456212621991
"38","53",0,0.350850180254378,0.452588334146966,0,-5.89636019426412e-21,0,0,0,0.0145320990291655,0,0.18202938656949,0,0,0,0
"39","54",0,0.524241243669128,0,0,0,0,0,0,0.399409168641185,0,0.0763495876896867,0,0,0,0
"40","55",0,0.542396733127205,0,0.149657808442902,0,0,0.307945458429893,0,0,0,0,0,4.77279688840847e-19,0,0
"41","56",0,0,0,0,0.31354969876586,0,0.168977285091001,0,0.112669223908793,0,0,0,0.37372200150924,0.0310817907251061,0
"42","57",0,0,0,0.0766539085065582,0.721178668258056,0,0.0368958211379788,0,0.119245545155657,0,0,0,2.8730930637094e-05,0.045997326011113,0
"43","58",0,0,0,0.0496647791503428,0.20956300386125,0,0.0898947881141632,0,0.270266472480146,0,0,0,0.230306906346594,0.111094171760282,0.0392098782872228
"44","59",0,0.252622719455167,0.176723549465708,0.014420325361426,0,0,0,0,0.436402059833876,0,0.0250591154875528,0,0,0,0.09477223039627
"45","60",0,0,0.687857677565104,0,0.276557848584604,0,0,0,0.0355816592481089,0,2.81460218379915e-06,0,0,0,0
"46","61",0,0.254717952993925,0.240050868341005,0,0.178584451823374,0,0,0,0.242446139511424,0,0.014470235497499,0,0,0,0.0697303518327727
"47","62",0,0,0.599435789122285,0,0.234946577457005,0,0,0,0.154242236601768,0,0.0113753968189418,0,0,0,0
"48","63",0,0.209932328018694,0.536855897310128,0,0,0,0,0,0.199068804669178,0,0,0,0,0,0.0541429700019997
"49","64",0,0.0372613031950081,0.564436757465104,0,0.0818298856492178,0,0,0,0.184653190298984,0,0.0225240492901756,0,0,0,0.109294814101511
"50","65",0,0.0350452936822946,0.220385014431525,0.354159007042792,0,0.070465960912492,0,0,0.250190642321178,0,0.0697540816097185,0,0,0,0
"51","66",0,0,0,0.115438287233211,0.226131673572789,0,0.260339603123429,0,0.13238013582401,0,0,0,0.265710300246561,0,0
"52","71",0,0,0,0.036963333222813,0.129161858043266,0,0.138583791689466,0,0.00587523804800712,0,0,0,0.689415778996448,0,0
"53","72",0,0.19266366641554,0.30691576613977,0,0,0,0,0,0.296362115883207,0,0.0361961850450754,0,0,0,0.167862266516408
"54","73",0,0.197254387393112,0.337003845169596,0.257612831174563,0.0755139215855082,0.00773761448322102,0,0,0,0,2.21086601194696e-21,0,0,0,0.124877400193999
"55","74",0,0.393152642221265,0.494882138108995,0,0,0,0,0,0.0711374576685664,0,0.0221137874917964,0,0,0,0.0187139745093775
"56","75",0,0.228662828813515,0,0,0.771337171186485,0,0,0,0,0,0,0,0,0,0
"57","76",0.266431067685939,0.0878256296620587,0,0,0.567895414034647,0,0,0.0778478886173552,0,0,0,0,0,0,0
"58","77",0,0,0.211726362261148,0.185487072349245,0.0391831668548161,0.56360339853479,0,0,0,0,0,0,-1.03504462938517e-18,0,0
"59","78",0.509437626285777,0,0,7.14429552134105e-06,0.415034433739034,3.23785217792803e-05,0,0.0654441250605899,0,0,0,0,0,0.0100442920972991,0
"60","79",0,0.247220809010178,0.362738016721158,0,0.116135152319087,0,0,0,0.0117590906987446,0,0.189604431356103,0,0,0,0.0725424998947304
"61","80",0,0.062844567522534,0.326752785634312,0,0.161989016764929,0.445505652730117,0,0.00290797734810882,0,0,0,0,0,0,0
"62","81",0.450426583539652,0.00866676228363096,0,0,0.540906654176717,0,0,0,0,0,0,0,0,0,0
"63","82",0,0.104980120329795,0.352951579397377,0,0.0675656115086347,0,0,0,0.0526874247493721,0,0.194695829014692,0,0,0,0.227119435000128
"64","83",0,0,0.831662768509371,0,0.168337231490629,0,0,0,0,0,0,0,0,0,0
"65","84",0,0.0688631457288724,0.182718039025422,0.166409799120669,0.0950523753428909,0.157276391572354,0,0,0.270879007071658,0,0.0588012421381329,0,0,0,0
"66","85",0,0,0.178718561046775,0.0222876804018828,0.0692322093618513,0,0,0,0.411781625730711,0,0.216677744668905,0,0,0,0.101302178789875
"67","86",0,0.289156128414106,0.0112713202306283,0.0838521631721329,0.0341269121764905,0,0,0,0.343119692304703,0,0.112507682952917,0,0,0,0.125966100749022
"68","87",0,0,0.310127205789772,0,0.232220351712941,0,0,0,0.325951257371567,0,0.05374476727208,0,0,0,0.0779564178536393
"69","88",0,0.0790938904029824,0.237941927450406,0.0342183608656401,0.0290211927666638,0.0250485853558603,0,0,0.394598922121171,0,0.0679096064839746,0,0,0,0.132167514553302
"70","89",0,0.178893103499951,0.143352144796572,0.140958470070075,0.087162814884406,0,0,0,0.309634423120218,0,0.0457390124237231,0,0,0,0.0942600312050558
"71","90",0,0.163759904371952,0.400138339803568,0,0,0,0,0,0.435097483375226,0,0.00100427244925411,0,0,0,0
"72","91",0,0.101043962148952,0.89186863577018,0,0.000295191019010159,0,0,8.38709828794687e-19,0,0,0,0,0.00679221106185754,0,0
"73","92",0.0130289966995196,0.693977331491028,0,0,0,0,0,0.292993671809452,0,0,0,0,0,0,0
"74","93",0,0.207700158394179,0.673274262900589,0,0,0,0,0,0.118933655591963,0,0,0,0,9.1923113268708e-05,0
"75","94",0.175110554653151,0.424987228409491,0,0.167576388789191,0,0.0348259003397329,2.2705573905589e-06,0.114786639254247,0.0568683240319599,0,0,0,0,0.0258426939648371,0
"76","95",0.116876869913354,8.00542406338747e-20,0.266258044049332,0,0.558908052844676,0,0,0.0579570331926383,0,0,0,0,0,0,0
"77","96",0,0.0871962204002298,0.531876163851012,0,0.336864001647497,0,0.0440636141012611,0,0,0,0,0,0,0,0
"78","97",0.062757868759235,0.284713248556621,0.378225633949739,0,0.165673475407514,0,0,0,0,0,0,0.0538385204029828,0,0.0547912529239081,0
"79","98",0.0296851144345259,0,0.477885169341286,0.0487199245490405,0.256436009620021,0,0,0,0.187209499077517,0,0,6.4282977609931e-05,0,-2.02660304101785e-20,0
"80","99",0,0.137650372206883,0.294445146837598,0,0.247196685652164,0,0,0,0.258484650180615,0,0.00453588179295476,0,0,0,0.0576872633297848
"81","100",0,-3.11567148094598e-20,0.26057569067673,0,0.502872673492448,0,0,0,0.229380388176875,0,0.00717124765394671,0,0,0,0
"82","101",0,0,0,0,0.834770457865445,0.121854364557097,2.26885294319956e-18,0,1.35733952044401e-08,0,0,0,0.0433751640040622,0,0
"83","104",0,0,0.118500922051292,0.100096461332296,0,0.127847643324033,0,0,0.418461174594785,0,0.177259439625132,0,0,0,0.0578343590724619
"84","105",0,0.171023109198541,0,0,0.683927628302554,0,0,0.0147610599778716,0,0,0,0.0498569768019659,0,0.0804312257190676,0
"85","106",0.995777824245677,0,0,0,0,0,0,0,0,0,0,0.00422217575432345,0,0,0
"86","107",0.260275020713269,0,0.739724979286731,0,0,0,0,0,0,0,0,0,0,3.12623316975735e-19,0
"87","108",0.405668714208174,0,0.241344854891801,0,0,0.182093354433329,0,0,0.170893076466696,0,0,0,0,0,0
"88","109",0.4089989475615,0.517097190258641,0,0.0739038621798592,0,0,0,0,0,0,0,0,0,0,0
"89","110",0.036476461016095,0,0,0.44544690121139,0,0,0,0.162942606423552,0.284965357607416,0,0,0,0,0.0701686737415467,0
"90","111",0.088680258520664,0,0.206430719275637,0.168171079841539,0.46033156950371,0,0,0.0286370881591186,0.0477492846993312,0,0,0,0,0,0
"91","112",0,0.228953614164514,0,0,0.313462031980958,0,0,0.0828414490979143,0,0,0,0,0.374742904756613,0,0
"92","113",0,0.139202517651705,0,0,0.798768886044615,0,0.0619928615114994,0,0,0,0,0,3.57347921802061e-05,0,0
"93","114",0,0,0,0,0,0.429506759191799,0,0.522460241491308,0,0,0,0,0,0.0479495568526297,8.34424642628972e-05
"94","115",0.346431903144855,0.392533138364819,0,0,0.261034958490325,0,0,0,0,0,0,0,0,0,0
"95","116",0,0.732295378919076,0,0,0,0,0,0.267704621080924,0,0,0,0,0,0,0
"96","117",0,0.0365236351886899,0.60244534639545,0,0.172755393697282,0,0,0,0.138893451011952,0,0.0263639957250613,0,0,0,0.0230181779815641
"97","118",0,0,0.371061607630845,0,0,0.592270874716302,0,0,0.00261597725372926,0,0,0,0,0,0.0340515403991238
"98","119",0,0.216021934270369,0.346084595145982,0,0,0,0,0,0.300801272379364,0,0.0565544611086145,0,0,0,0.0805377370956695
"99","120",0.0893173753149541,0,0,0,0,0,0,-9.75338511611584e-19,0.15088031001584,0,0,0,0.572686060883609,0.187116253785597,0
"100","121",0,0.243789102899949,0,0.0962545693186893,0,0,0.359618346536251,0,0.157780108055365,0,0,0,0.142557873189746,0,0
"101","122",0,0.0626386889229278,0.278997923884279,0,0.08922032314645,0,0,0,0.414448356647966,0,0.0441877965132512,0,0,0,0.110506910885126
"102","123",0,0,0.609533662075024,0,0.171354807859189,0,0,0,0.1040080753978,0,0.0704831509410045,0,0,0,0.0446203037269825
"103","124",0,0.155221272324583,0.688059707249223,0.0903326698636062,0.0663863505625871,0,0,0,0,0,0,0,0,0,0
"104","125",0.269445463154783,0,0.729982066949041,0,0,-4.16155171799217e-19,0,0.000572469896176558,0,0,0,0,0,0,0
"105","126",0,0.500782717874663,0.222243495792115,0,0,0,0.0856813926322647,0,0,0,0,0.0540326264962375,0,0.137259767204721,2.93870259235376e-20
"106","127",0,0.226964477235745,0,0,0.773032018613408,3.5041508470146e-06,0,0,0,0,0,0,0,0,0
"107","128",0,0.330676774179368,-4.18108306038287e-21,0,0.669323225820632,0,0,0,0,0,0,0,0,0,0
"108","129",0.0179547778583217,0.573710752200702,0,0,0.124711796153141,0,0,0.0406530363515429,0,0,0,0.242969637436293,0,2.3559307391758e-22,0
"109","130",0.125113400085242,0.589844831860705,0,0.164667785115469,0,5.97052060027571e-22,0.000223887643245471,0.0577475416818976,0,0,0,0,0,0.0624025536134406,0
"110","131",0.0923560239531004,0.210695299201216,0.100447805854035,0.233509884187533,0,0,0,0.275146099584492,0.0518289722305154,0,0,0,0,0.036015914989108,0
"111","132",0,0,0,0,0.488119905183682,0,0,0.412609225125206,0,0,0,0,0,0.0992708696911121,0
"112","133",0,0.296596202795162,0.0918594016310765,0,0.360383610735491,0,0,0.25116078483827,0,0,0,0,0,0,0
"113","134",0.060962286502284,0,0.188449225374106,0.198283696323825,0.227642562559587,0,0,0.0782707825380089,0.0457736123855032,0,0,0,0,0.200617834316686,0
"114","135",0,0,0.369630423321191,8.62026562518786e-22,0.590931438974445,0,0,0,0.0394381377043634,0,0,0,0,0,0
"115","136",0,0.100232330179063,0,0.030447504472923,0,0,0.388721387199803,0,0.307544340450465,0,0,0,0.173054437697746,0,0
"116","138",0,0,0,0.00842525692084603,0.460113105532705,0,0.115623986287283,0,0.173020513639665,0,0,0,0.220433871274685,0.0223832663448167,0
"117","139",0,0.356487142250641,0.119855796245983,0,0,0.176260259892729,0,0.311942283662858,0,0,0,0.000148127853705907,0,0.0353063900940829,0
"118","140",0.557363802168037,0,0.442636197831963,0,0,0,0,0,-9.09771511293895e-21,0,0,0,0,0,0
"119","141",1,0,0,0,0,0,0,0,0,0,0,0,0,0,0
"120","142",0.56114160991614,0,0,0,0,0.43885839008386,0,0,0,0,0,0,0,0,0
"121","143",1,0,0,0,0,0,0,0,0,0,0,0,0,0,0
"122","144",1,0,0,0,0,0,0,0,0,0,0,0,0,0,0
"123","145",0.971983424257653,0,0,0,0,0,0,0,0.0280165757423473,0,0,0,0,0,0
"124","146",0.826992781512797,0,0.140063654920368,0,0,0,0,0,0.0272481172698169,0,0,0,0,0.00569544629701845,0
"125","147",0.756995009319318,0,0.0814326915366402,0.0512241747791223,0,0,0,0,0.11034812436492,0,0,0,0,0,0
"126","148",0.477441896966193,0,0.305463680384747,0.13617857013708,0,0,0,0,0.0809158525119798,0,0,0,0,0,0
"127","149",0.245378125046068,0.0732380010292783,0,0,0.627775433731037,0,0,0,0.0536084401936162,0,0,5.7225386458347e-19,0,0,0
"128","150",0,0.690998553692109,0,0,0,0,0,0.309001446307891,0,0,0,0,0,0,0
"129","151",0.30327070755406,0.203784922698139,0,0.241484071828326,0,0,0,0.0745488471129619,0.100282086221559,0,0,0,0,0.0766293645849535,0
"130","152",0,0.311477339747077,0.273546860333421,0,0.227730860629601,0,0,0,0.186863193880365,0,0.000381745409536667,0,0,0,0
"131","153",0,0.353074287434499,0.372153872539757,0,0,0,0,0,0.2079077103351,0,0.0668641296906451,0,0,0,0
"132","154",0,0.130048026770828,0.259580811192424,0,0.0631514944384896,0.0201943501281321,0,0,0.341894616700727,0,0.105597275075698,0,0,0,0.0795334256937011
"133","155",0,0.436888973363627,0.164497788590537,0,0,0,0,0,0.282399101772685,0,0.000198367118653902,0,0,0,0.116015769154497
"134","156",0,0.147354289336617,0,0.0850613157897493,0,0.0275315261198262,0.341438183432322,0,0.12910396045103,0,0,0,0.269510724870456,0,0
"135","157",0,0.0290057575243799,0.364821002880369,0,0.158089999693969,0,0,0,0.289331982561336,0,0.0885011084504393,0,0,0,0.0702501488895063
"136","158",0,0.0149042710241705,0.780516741743757,0,0,0.204524476611859,0,0,0,0,5.45106202130919e-05,0,0,0,0
"137","159",0.0773701567721032,0.022789819241613,0.899840023986284,0,0,0,0,-1.26582588431735e-19,0,0,0,0,0,0,0
"138","160",0,0.0527480306198697,0.698563549438814,0,0.248688419941316,0,0,0,0,0,0,0,0,0,0
"139","161",0,0.273991080548866,0,0.485591343622076,0.0321368167967615,0,0,0.208280759032297,0,0,0,0,0,0,0
"140","162",0.187313708426291,0.534010764399697,0,0.0847037826268191,0.137692766947267,0,0,0.0458764512589092,0,0,0,0,0,0.0104025263410172,0
"141","163",0.608976850792306,0,0.250222317381844,0,0,0.0222288874217943,0,0.0858588706284453,-1.32424025293951e-18,0,0,-1.19614722819287e-19,0,0,0.0327130737756098
"142","164",0.653076736521962,0.346923263478038,0,0,0,0,0,0,0,0,0,0,0,0,0
"143","165",0.568906828888931,0,0.357979471343636,0,0,0.000640927381469099,0,0,0.0724727723859639,0,0,0,0,2.01598178807868e-20,0
"144","166",0.980717246510271,0,0,0,0,0,0,0,0.0192827534897294,0,0,0,0,0,0
"145","167",0.680309428603152,0,0,0,0,0.319690571396848,0,0,0,0,0,0,0,0,0
"146","168",0.976313126365189,0,0,0,0,0,0,0,0.0236868736348111,0,0,0,0,0,0
"147","169",0.641235505685447,0,0.240784924278157,0.0829167526773618,0,0,0,0,0.0350628173590341,0,0,0,0,0,0
"148","170",0.332185246415884,0.114351349351642,0,0.119417546096683,0.297934423686978,0,0,0,0.136111434448813,0,0,0,0,0,0
"149","171",0,0.0988315713383358,0.251367103759285,0,0.119773074021793,0,0,0,0.407490757351591,0,0.0278613605030914,0,0,0,0.094676133025904
"150","172",0,0,0,0,0.565739221452975,0,0,0,0.000320995488289793,0,0,0.433939783058735,0,0,0
"151","173",0,0.120049707031648,0,0.141083987714854,0,0.0337416387963207,0.0981667804830816,0,0.160286476006624,0,0,0,0.446671409967472,0,0
"152","174",0,0.109396095169855,0.244182713618219,0,0,0.49628396190797,0,0.14308280767838,0,0,0,-1.08484621914826e-20,0,0.00705442162557533,0
"153","175",0.637384747187876,0,0,0,0.362615252812124,0,0,0,0,0,0,0,0,0,0
"154","176",1,0,0,0,0,0,0,0,0,0,0,0,0,0,0
"155","177",1,0,0,0,0,0,0,0,0,0,0,0,0,0,0
"156","178",0.893482018995075,0,0,0.106517981004925,0,0,0,0,0,0,0,0,0,0,0
"157","179",1,0,0,0,0,0,0,0,0,0,0,0,0,0,0
"158","180",1,0,0,0,0,0,0,0,0,0,0,0,0,0,0
"159","181",1,0,0,0,0,0,0,0,0,0,0,0,0,0,0
"160","182",0.905880056149978,0,0,0,0,0.0941199438500223,0,0,0,0,0,0,0,0,0
"161","183",1,0,0,0,0,0,0,0,0,0,0,0,0,0,0
"162","184",0.957820522841759,0,0,0,0,0,0,0,0.0421794771582411,0,0,0,0,0,0
"163","185",0.735841894602746,0,0.151037820872206,0.113120284525048,0,0,0,0,-3.28194436429377e-19,0,0,0,0,0,0
"164","186",0,0.252917600204139,0,0.324018337195689,0.12453573895585,0.000745106931439838,0,0.297783216712883,0,0,0,0,0,0,0
"165","187",0.230423129280098,0.531701562647013,0,0,0,0,0,0.139602230875057,0,0,0,0,0,0.0982730771978323,0
"166","188",0.751679974078791,0.248320025921209,0,0,0,0,0,0,0,0,0,0,0,0,0
"167","189",0,0.148740075077384,0.436381857711207,0,0,0,0,0,0.102410329172215,0,0.224854810252856,0,0,0,0.0876129277863386
"168","190",0.0563021554630054,0,0,0.275474718502374,0.186444102529874,0,0,0.191991341356709,0,0,0,0.0601598437046503,0,0.229627838443387,0
"169","191",0,0,0.167055901019267,0.034883184877291,0,0.0222091961376783,0,0,0.699545707187542,0,3.2913007288208e-05,0,0,0,0.0762730977709332
"170","193",0,0.234989577485423,0,0,0.43043737729638,0,-2.19727707662854e-20,0,0.0466545430553564,0,0,0,0.28791850216284,0,0
"171","194",0,0.269571238745364,0,0,0.208919121578515,0,0,0,0.381180677823393,0,0.0249413446023021,0,0,0,0.115387617250427
"172","195",0,0.153159430583026,0.552346104160327,0,0.0501364779323397,0,0,0,0.11489308919648,0,0.0884701625206913,0,0,0,0.0409947356071364
"173","196",0,0.0770267537607723,0.740434655050516,0,0.127943396695012,0,-2.95305266926842e-19,0,0.0121762147307769,0,0,0.0298011357197365,0,0.0126178440431861,0
"174","197",0,0,0.495754115175808,0.0352527315510053,0.468993153273187,0,0,0,0,0,0,0,0,0,0
"175","198",0,0.570744613782166,0,0,0,0,0,0.35913588205062,0,0,0,0,0,0.0701195041672145,0
"176","199",0,0,0,0.400038132951318,0.599961867048682,0,0,0,0,0,0,0,0,0,0
"177","200",0.994652055676715,0,0,0,0,0,0,0,0.00534794432328482,0,0,0,0,0,0
"178","201",0.789605729056478,0,0,0,0,0.210394270943522,0,0,0,0,0,0,0,0,0
"179","202",0.813866331248608,0,0,0,0,0.186133668751392,0,0,0,0,0,0,0,0,0
"180","203",1,0,0,0,0,0,0,0,0,0,0,0,0,0,0
"181","204",0.753812567369024,0,0,0,0,0.246187432630976,0,0,0,0,0,0,0,0,0
"182","205",1,0,0,0,0,0,0,0,0,0,0,0,0,0,0
"183","206",1,0,0,0,0,0,0,0,0,0,0,0,0,0,0
"184","207",0.892907184927014,0,0,0,0,0.107092815072986,0,0,0,0,0,0,0,0,0
"185","208",0.675812945191651,0.0340895482140934,0.290097506594255,0,0,0,0,0,0,0,0,0,0,0,0
"186","209",0,0.456815086807678,0,0,0.543184913192322,0,0,0,0,0,0,0,0,0,0
"187","210",0,0.250854995631453,0.142012389808309,0.0354717624270359,0.0601781299321467,0.0194004393010769,0,0,0.364426253754965,0,0.062161326575485,0,0,0,0.0654947025695289
"188","211",0,0,0,0,0.162063671692514,0,0,0,0,0,0,0,0.837936328307486,0,0
"189","212",0,0.0204065254724132,0.519486323025478,0,0.147210070727185,0,0,0,0.25706508254194,0,0,0,0,0,0.0558319982329848
"190","213",0,0.867527254550665,0,0,0,0.0286609467650905,0,0,0,0,0,0,4.58320499052383e-06,0.103807215479254,0
"191","214",0.499008412354414,0.0882179578135063,0.3470065718454,0,0,0,0,0,0.0657670579866799,0,0,0,0,0,0
"192","215",0.626264234905831,0,0,0,0,0.373735765094169,0,0,0,0,0,0,0,0,0
"193","216",0.85713846028221,0,0,0,0,0.14286153971779,0,0,0,0,0,0,0,0,0
"194","217",1,0,0,0,0,0,0,0,0,0,0,0,0,0,0
"195","218",1,0,0,0,0,0,0,0,0,0,0,0,0,0,0
"196","219",0.846888835424833,0,0,0,0,0.153111164575167,0,0,0,0,0,0,0,0,0
"197","220",0.859490126997307,0,0,0,0,0.140509873002693,0,0,0,0,0,0,0,0,0
"198","221",0.944652051354205,0.0553479486457945,0,0,0,0,0,0,0,0,0,0,0,0,0
"199","222",0.847207942829454,0,0,0,0,0.152792057170546,0,0,0,0,0,0,0,0,0
"200","223",0.784610124045514,0,0,0,0,0.215389875954486,0,0,0,0,0,0,0,0,0
"201","224",0.434136481992802,0.0286311248803287,0.479235479427165,0.0577890245122496,0,0,0,0,0,0,0,0,0,0.000207889187454041,0
"202","225",0.120983632470121,0,0,0,0.388150163379906,0,0,0.36387682725818,0.102371810198596,0,0,7.25313785116632e-19,0,0.0246175666931964,0
"203","226",0,0.522727000053838,0,0.0120378304578048,0.124194919511126,0,0,0.300788818897261,0,0,0,0,0,0.0402514310799702,0
"204","227",0.0766040806949149,0.0286590468636795,0,0.381357801123815,0,0,0,0.304134537971422,0.121143244200547,0,0,8.5445992587766e-19,0,0.0881012891456217,0
"205","228",0,0.0442437508493296,0.683275996748769,0,0.03956661000311,0,0,0,0.167026805655699,0,0.0412187094034314,0,0,0,0.0246681273396609
"206","229",0,0,0.805024490234696,0,0,0,0,0,0.193990018904931,0,0.000985490860373376,0,0,0,0
"207","230",0.292552638132197,0.0976334027674826,0,0,0.110075020213159,0,0,0,2.30136104152484e-05,0,0,0.0521499448730094,0,0.447565980403736,0
"208","231",0,0.412886269626152,0,0,0,0,0,0.304135982252175,0.0621011861773501,0,0,0.0790258232644207,0,0.141850738679902,0
"209","232",0,0.0715879933022592,0,0,0,0.15705026423612,0.0799389547153511,0,0.209976397142731,0,0,0,0.331917032532626,0.149529358070913,0
"210","233",0,0.336629946751328,0.159865845854497,0.0702189322350583,0.0911985477060333,0,0,0,0.222231054110734,0,0.000641568814029542,0,0,0,0.11921410452832
"211","234",0,0.179792906703942,0.446314525706203,0,0.0379907701174444,0,0,0,0.236498306106885,0,0.0573040604507655,0,0,0,0.0420994309147602
"212","235",0.028910492001757,0,0.971089507998243,0,0,0,0,0,0,0,0,0,0,0,0
"213","236",0,0.891160702913377,0,0,0.108084944389006,0,0.000754352697617344,0,0,0,0,0,0,0,0
"214","237",0.188419758424458,0,0,0,0.811580241575542,0,-2.37614510253017e-18,0,0,0,0,0,0,0,0
"215","238",0.66446800376825,0,0.199030023129965,0,0,0,0,0.136501973101785,-1.95562881048254e-20,0,0,0,0,0,0
"216","239",0.973948010410806,0,0,0,0,0,0,0,0.026051989589194,0,0,0,0,0,0
"217","240",0.999864629887223,0,0,0,0,0,0,0,0.000135370112776766,0,0,0,0,0,0
"218","241",0.999118648287199,0,0,0,0,0,0,0,0.000881351712800931,0,0,0,0,0,0
"219","242",1,0,0,0,0,0,0,0,0,0,0,0,0,0,0
"220","243",1,0,0,0,0,0,0,0,0,0,0,0,0,0,0
"221","244",1,0,0,0,0,0,0,0,0,0,0,0,0,0,0
"222","245",0.78850494774676,0,0,0,0,0.21149505225324,0,0,0,0,0,0,0,0,0
"223","246",0.987066118275407,0,0,0.0129338817245925,0,0,0,0,0,0,0,0,0,0,0
"224","247",0.810919810319374,0,0,0.189080189680626,0,0,0,0,0,0,0,0,0,0,0
"225","248",0.304272127294735,0.0771035180884411,0.417473330718903,0,0,0,0,0,0.201151023897921,0,0,0,0,0,0
"226","249",0.0773511225308708,0.361329182443175,0,0,0.388407228094449,0,0,0,0.140329764581359,0,0,0,0,0.0325827023501473,0
"227","250",0,0,0,0,0.244259491619109,0.274164466963913,0.335390354032664,0,0.0669572982169658,0,0,0,0.0545996059338925,0.0246287832334559,0
"228","251",0,0,0.238977700750898,0.0446251594368722,0,0.553840146487283,0,0,0.0376161246310988,0,0,0,0,0,0.124940868693848
"229","252",0.109250224954861,0,0.484009279945923,0,0.32497870280785,0,0,0,0.0817617922913667,0,0,0,0,1.72013901374541e-19,0
"230","253",0.475783757919924,0,0.131695444144601,0.356278914045389,0,0,0,0,0.0362418838900857,0,0,0,0,0,0
"231","254",0.919074865361969,0,0,0.080925134638031,0,0,0,0,0,0,0,0,0,0,0
"232","255",1,0,0,0,0,0,0,0,0,0,0,0,0,0,0
"233","256",0.993619426690057,0.00638057330994333,0,0,0,0,0,0,0,0,0,0,0,0,0
"234","257",1,0,0,0,0,0,0,0,0,0,0,0,0,0,0
"235","258",1,0,0,0,0,0,0,0,0,0,0,0,0,0,0
"236","259",1,0,0,0,0,0,0,0,0,0,0,0,0,0,0
"237","260",0.832089492737128,0,0,0,0,0.167910507262873,0,0,0,0,0,0,0,0,0
"238","261",0.760456727739488,0,0,0,0,0.239543272260512,0,0,0,0,0,0,0,0,0
"239","262",0.686046365993101,0,0,0,0,0.313953634006899,0,0,0,0,0,0,0,0,0
"240","263",1,0,0,0,0,0,0,0,0,0,0,0,0,0,0
"241","264",0.868583670556129,0,0.124326539840677,0,0,0,0,0,0.00708978960319411,0,0,0,0,-3.27013573479902e-20,0
"242","265",0.309403658812208,0.288400985224025,0,0.128878077776823,0.273317278186945,0,0,0,0,0,0,0,0,0,0
"243","266",0,0,0.439717059030985,0,0,0,0,0.560282940969015,0,0,0,0,0,0,0
"244","267",0,5.46977355156141e-07,0.813870125504127,0,0.186129327518518,0,0,0,0,0,0,0,0,0,0
"245","268",0,0.233950945037461,0.746353887401431,0,0,0,0,0,0,0,0,0,0,0,0.0196951675611088
"246","269",0,0.0234826292499726,0.912621240361163,0,0.0638961303888643,0,0,0,0,0,0,0,0,0,0
"247","270",0,0.96581169430446,0,0,0,0,0,0,0.0341883056955398,0,0,0,0,0,0
"248","271",0,0.0156565158664287,0,0,0.145748940826989,0,0.393975898610336,0,0.226638684669174,0,0,0,0.214103439374181,0.00350633151880928,0.000370189134082053
"249","272",0,0.0432857657240947,0.184160087169622,0,0.109918927300844,0,0,0,0.403501346362238,0,0.116290386855661,0,0,0,0.14284348658754
"250","273",0,0.0378569635380948,0.497266093117444,0.0963114396543105,0.100243303530469,0.0501276952099208,0,0,0.192663696432114,0,0.025530808517646,0,0,0,0
"251","274",0.546284002726791,0.148499987427372,0.305216009845837,0,0,0,0,0,5.64890843702444e-19,0,0,0,0,0,0
"252","275",0.118555800889145,0.45186332447088,0.152071816239291,0,0,0,0,0.142023375524759,0,0,0,0,0,0.135485682875925,0
"253","277",0.505425667693472,0,0.413643210921679,0,0,0,0,0,0.080931121384848,0,0,0,0,0,0
"254","278",0.659584698264288,0,0,0,0,0.340415301735712,0,0,0,0,0,0,0,0,0
"255","279",0.750116433196913,0,0,0,0,0.249883566803087,0,0,0,0,0,0,0,0,0
"256","280",0.560135143473843,0,0,0,0,0.439864856526157,0,0,0,0,0,0,0,0,0
"257","281",0.873422079313587,0,0,0,0,0.126577920686413,0,0,0,0,0,0,0,0,0
"258","282",0.66422275698315,0,0,0,0,0.33577724301685,0,0,0,0,0,0,0,0,0
"259","283",0.953858540025356,0,0,0.0461414599746441,0,0,0,0,0,0,0,0,0,0,0
"260","284",1,0,0,0,0,0,0,0,0,0,0,0,0,0,0
"261","285",0.773042642219025,0,0,0,0,0.226957357780975,0,0,0,0,0,0,0,0,0
"262","286",0.778811940606004,0,0,0,0,0.221188059393996,0,0,0,0,0,0,0,0,0
"263","287",0.943092485544402,0,0,0.0569075144555977,0,0,0,0,0,0,0,0,0,0,0
"264","288",0,0,0,0.297629303875552,0.702370696124448,0,0,0,0,0,0,0,0,0,0
"265","289",0,0.0182656307215055,0.564553406034258,0,0.406204851816453,0,0,0,0.010976111427784,0,0,0,0,0,0
"266","290",0,0.0466355980347524,0,0.159128475006204,0.440361548071798,0.065772314342983,0,0,0.109517337584348,0,0,0,0.178584726959915,0,0
"267","291",0,0.251538735224838,0.226130052808773,0,0.068743195691346,0,0,0,0.230311895046806,0,0.0954745398414405,0,0,0,0.127801581386797
"268","292",0.173371780878616,0.638967262489947,0,0,0,0.187660956631437,0,0,0,0,0,0,0,0,0
"269","293",0,0,0.798935904909227,0,0.0990253555816746,0.0447478154024667,0,0,0.0572909241066314,0,0,0,0,0,0
"270","294",0.821278133851092,0,0,0,0,0.178721866148908,0,0,0,0,0,0,0,0,0
"271","295",1,0,0,0,0,0,0,0,0,0,0,0,0,0,0
"272","296",0.826864272349995,0,0,0.173135727650005,0,0,0,0,0,0,0,0,0,0,0
"273","297",1,0,0,0,0,0,0,0,0,0,0,0,0,0,0
"274","298",0.887757085608171,0.0161225464946493,0,0,0,0.0961203678971801,0,0,0,0,0,0,0,0,0
"275","299",1,0,0,0,0,0,0,0,0,0,0,0,0,0,0
"276","300",0.834514930498759,0,0,0,0,0.165485069501241,0,0,0,0,0,0,0,0,0
"277","301",1,0,0,0,0,0,0,0,0,0,0,0,0,0,0
"278","302",0.701094512390193,0,0,0,0,0.298905487609807,0,0,0,0,0,0,0,0,0
"279","303",1,0,0,0,0,0,0,0,0,0,0,0,0,0,0
"280","304",1,0,0,0,0,0,0,0,0,0,0,0,0,0,0
"281","305",0,0,0,0,0.870253642582097,0,0,0.129667985547119,7.8371870783844e-05,0,0,0,0,0,0
"282","306",0.162277515084467,0,0,0,0.662147207462021,0,0,0.175575277453512,0,0,0,0,0,0,0
"283","307",0.0589394991101622,0.248103068023181,0.69289555410854,0,0,0,0,0,6.18787581172526e-05,0,0,0,0,0,0
"284","310",0,0.0481000444225669,0,0,0,0,0.951899955577433,0,0,0,0,0,0,0,0
"285","311",0,0.0779475828917408,0.211824893777377,0,0,0,0,0,0.444535844284254,0,0.130862101055473,0,0,0,0.134829577991154
"286","312",0,0.0237411138161768,0.478180489541499,0,0.100100377972644,0,0,0,0.212822130278604,0,0.106419187867399,0,0,0,0.0787367005236768
"287","313",0,0.0930242904012396,0.682546023123449,0,0,0,0,0,0.0293171713676357,0,0.195112515107676,0,0,0,0
"288","314",0,0.0804042655293971,0.175414976909831,0,0,0.744180757560772,0,0,0,0,0,0,0,0,0
"289","315",0,0.185873122349059,0.802323702897091,0,0,0,0,0.0118031747538496,0,0,0,0,0,0,0
"290","316",0.37834930586151,0,0.471458160271029,0,0,0.109173018542178,0,0,0.0410195153252821,0,0,0,0,2.00539263797719e-18,0
"291","317",0.952682878706918,0,0,0.0473171212930824,0,0,0,0,0,0,0,0,0,0,0
"292","318",0.902447611727347,0,0,0.0975523882726535,0,0,0,0,0,0,0,0,0,0,0
"293","319",1,0,0,0,0,0,0,0,0,0,0,0,0,0,0
"294","320",0.88768273072915,0.082473613378199,0,0,0,0,0,0,0,0,0,0,0,0.0298436558926514,0
"295","321",0.893518516887631,0,0,0,0,0.106481483112369,0,0,0,0,0,0,0,0,0
"296","322",1,0,0,0,0,0,0,0,0,0,0,0,0,0,0
"297","323",0.730468798308722,0,0,0,0,0.269531201691278,0,0,0,0,0,0,0,0,0
"298","324",0.815345236593445,0,0,0,0,0.184654763406555,0,0,0,0,0,0,0,0,0
"299","325",0.90007606141317,0,0,0.0999239385868303,0,0,0,0,0,0,0,0,0,0,0
"300","326",0.749958695690234,0.0221646874447359,0,0,0,0.22787661686503,0,0,0,0,0,0,0,0,0
"301","327",0.715048537432513,0,0.205784833643541,0,0,0,0,0.0622174336217645,0.00368396494813795,0,0,0,0,0,0.0132652303540442
"302","328",0,1,0,0,0,0,0,0,0,0,0,0,0,0,0
"303","329",0,0.295367940245657,0.156360376513167,0,0,0.364141064219606,0,0,0.125022744531341,0,0.0149250153101523,0,0,0,0.0441828591800765
"304","330",0,0,0,0.0432199940079303,0.379510531828492,0,0.00859002604268502,0,0.108938247922394,0,0,0,0.433523482887773,0.0262177173107255,0
"305","331",0,0.0426524009887009,0.54810743816142,0,0.0724734809017646,0,0,0,0.250959683697086,0,0.0413598995620929,0,0,0,0.0444470966889354
"306","332",0.0550360362990684,0.60402951956188,0,0,0.218610461419808,0,0.000443031977448405,0,0.121880950741796,0,0,0,0,0,0
"307","333",0.0235619006129986,0,0.228589901134027,0,0,0.70142507419879,0,0,0.0464231240541846,0,0,0,0,-7.35263149252635e-19,0
"308","334",1,0,0,0,0,0,0,0,0,0,0,0,0,0,0
"309","335",1,0,0,0,0,0,0,0,0,0,0,0,0,0,0
"310","336",1,0,0,0,0,0,0,0,0,0,0,0,0,0,0
"311","337",1,0,0,0,0,0,0,0,0,0,0,0,0,0,0
"312","338",1,0,0,0,0,0,0,0,0,0,0,0,0,0,0
"313","339",0.762448412653912,0,0,0,0,0.237551587346088,0,0,0,0,0,0,0,0,0
"314","340",0.601582283871115,0,0,0,0,0.398417716128885,0,0,0,0,0,0,0,0,0
"315","341",0.86537152862796,0,0,0,0,0.13462847137204,0,0,0,0,0,0,0,0,0
"316","342",0.872232458325817,0.127767541674183,0,0,0,0,0,0,0,0,0,0,0,0,0
"317","343",0.871868304903831,0.00266270598226933,0,0.0906092678490054,0,0,0,0,0.0348597212648944,0,0,0,0,0,0
"318","344",0.41303465694419,0.115932393026984,0.317653514931742,0,0,0,0,0,0.153379435097085,0,0,0,0,0,0
"319","345",0,0.679628120400833,0.0995776044469474,0,0,0.0954618681282299,0,0.12533240702399,0,0,0,0,0,0,0
"320","346",0,0,1.66797201602476e-05,0,0.876326327123873,0,0,0.0292773076151388,0,0,0,0.0199730613939698,0,0.0744066241468579,0
"321","347",0.0820008354603179,0.334375129445866,0,0,0.255632846653938,0,-2.71477293332911e-20,0,0.147932537529307,0,0,0.043424934887953,0,0.136633716022619,0
"322","349",0,0.355472873441372,0,0,0.112392882080269,0,0.0615886466011184,0,0.256287039960796,0,0,0,0.214258557916444,0,0
"323","350",0,0,0.33380203863735,0.123106955829309,0.140404627860302,0,0,0,0.296988627345651,0,0.0546851221610146,0,0,0,0.0510126281663731
"324","351",0,0.04350313465979,0.903728577905612,0,0,0,0,0,0.0213532986784346,0,0.0314149887561632,0,0,0,0
"325","352",0,0.405406692825731,0,0.594593307174269,0,0,0,0,0,0,0,0,0,0,0
"326","353",0,0.185114899465186,0,0.0302759590923578,0.725325236463465,1.19307514576681e-19,0,0.0592839049789916,0,0,0,0,0,0,0
"327","354",0.434700793277019,0.0425683831483319,0.394219313774513,0.128511509800137,0,0,0,0,-3.30551020485e-20,0,0,0,0,0,0
"328","355",0.970440742462227,0,0,0,0,0,0,0,0.0295592575377732,0,0,0,0,0,0
"329","356",0.84469968835122,0,0,0,0,0.15530031164878,0,0,0,0,0,0,0,0,0
"330","357",1,0,0,0,0,0,0,0,0,0,0,0,0,0,0
"331","358",0.907700056538631,0,0,0.0922999434613691,0,0,0,0,0,0,0,0,0,0,0
"332","359",0.587218567055796,0,0,0,0,0.412781432944204,0,0,0,0,0,0,0,0,0
"333","360",1,0,0,0,0,0,0,0,0,0,0,0,0,0,0
"334","361",0.741974052854506,0.239858312868308,0,0.0181676342771856,0,0,0,0,0,0,0,0,0,0,0
"335","362",1,0,0,0,0,0,0,0,0,0,0,0,0,0,0
"336","363",0.975740717393631,0,0,0.0242592826063691,0,0,0,0,0,0,0,0,0,0,0
"337","364",0.759033701658467,0,0,0,0,0.240966298341533,0,0,0,0,0,0,0,0,0
"338","365",0.462239459609072,0,0.25400150333777,0.0617729671805699,0,0.193472230801039,0,0,0.0285138390715487,0,0,0,0,0,0
"339","366",0.218400132558928,0.38990472550779,0,0,0,0,0,0.391695141933282,0,0,0,0,0,-2.22214718052472e-21,0
"340","367",0,0.0879682966692509,0.727668541212306,0,0.0677962795060133,0.0154755966340812,0,0,0,0,0.0243396246455456,0,0,0,0.076751661332803
"341","368",0,0.0721262375445405,0,0.0236665198401266,0.471293581585065,0,0,0,0.0473534316820976,0,0,0,0.385560229348171,0,0
"342","369",0,0.485851771989156,0,0,0.081113929727421,7.31989143173834e-06,0,0,0.120729777120165,0,0.129358409664716,0,0,0,0.18293879160711
"343","370",0,0.134532283974078,0.796632240452529,0,0,0,0,0,0.0438060169006343,0,0,0,0,0,0.0250294586727582
"344","371",0,0.364852646374723,0,0.22525326691512,0,0,0,0.380712458570977,0,0,0,0,0,0,0.0291816281391799
"345","372",0.273424409819879,0,0.00425496346833487,0,0.227644628482896,0.49467599822889,0,0,0,0,0,0,0,0,0
"346","373",0.726789900428199,0,0,0,0,0.273210099571801,0,0,0,0,0,0,0,0,0
"347","374",1,0,0,0,0,0,0,0,0,0,0,0,0,0,0
"348","375",1,0,0,0,0,0,0,0,0,0,0,0,0,0,0
"349","376",0.669283552381706,0,0,0,0,0.330716447618294,0,0,0,0,0,0,0,0,0
"350","377",0.768382556468888,0,0,0,0,0.231617443531112,0,0,0,0,0,0,0,0,0
"351","378",0.993675583672148,0,0,0,0,0.00632441632785208,0,0,0,0,0,0,0,0,0
"352","379",0.715316189895802,0,0,0,0,0.284683810104198,0,0,0,0,0,0,0,0,0
"353","380",0.787147093827164,0,0,0,0,0.212852906172836,0,0,0,0,0,0,0,0,0
"354","381",0.762208790653381,0,0,0,0,0.237791209346619,0,0,0,0,0,0,0,0,0
"355","382",0.678836495270412,0,0.10031936553272,0.213833701477003,0,0,0,0,0.00701043771986475,0,0,0,0,0,0
"356","383",0,0,0.829351377716334,0,0,0,0,0.170648622283666,0,0,0,0,0,0,0
"357","384",0,1,0,0,0,0,0,0,0,0,0,0,0,0,0
"358","387",0,0.0748087794357675,0,0,0.278764197367813,0,0.646427023196419,0,0,0,0,0,-9.75062414642283e-19,0,0
"359","388",0,0.359975324405411,0.164197950452336,0,0.150091036835005,0.153617966379178,0,0,0.139780147084654,0,0,0,0,0,0.0323375748434154
"360","389",0,0,0.588465684410382,0,0.0459010858380575,0,0,0,0.352904011167509,0,0.0127292185840517,0,0,0,0
"361","390",0,0.187035647345044,0,0.0193900906251743,0.425806627057386,0,0,0,0.335011177728591,0,0.0327564572438043,0,0,0,0
"362","391",0,0,0,1,-2.03008046215125e-17,0,0,0,0,0,0,0,0,0,0
"363","392",0.484737453367374,0,0.424116174901948,0,0,0,0,0,0.0911463717306774,0,0,0,0,0,0
"364","393",0.947168339355955,0,0,0,0,0,0,0,0.0528316606440448,0,0,0,0,0,0
"365","394",1,0,0,0,0,0,0,0,0,0,0,0,0,0,0
"366","395",0.488674004330904,0,0,0,0,0.511325995669096,0,0,0,0,0,0,0,0,0
"367","396",0.742684636470292,0,0,0,0,0.257315363529708,0,0,0,0,0,0,0,0,0
"368","397",0.898277006926491,0,0,0.101722993073509,0,0,0,0,0,0,0,0,0,0,0
"369","398",1,0,0,0,0,0,0,0,0,0,0,0,0,0,0
"370","399",0.876881854107394,0,0,0,0,0.123118145892606,0,0,0,0,0,0,0,0,0
"371","400",0.888658912696853,0,0,0.111341087303147,0,0,0,0,0,0,0,0,0,0,0
"372","401",0.960898037359289,0.023052252073397,0,0,0,0,0,0,0,0,0,0,0,0.0160497105673143,0
"373","402",1,0,0,0,0,0,0,0,0,0,0,0,0,0,0
"374","403",0.99973947154063,0,0,0,0,0.000260528459370114,0,0,0,0,0,0,0,0,0
"375","404",0.0462773028541439,0,0.761176956059781,0.0391061635982227,0.113422816006969,0,0,0,0.0400167614808832,0,0,0,0,0,0
"376","405",0,0.111042417940618,0,0.350292789672157,0.178464069746071,0,8.07143852262921e-20,0.280846044853119,0,0,0,0,0,0.0793546777880359,0
"377","406",0,0.0742742635899956,0.291545160631164,0,0.297419888209055,0,0,0,0.306640451311607,0,0.000319399601214322,0,0,0,0.0298008366569635
"378","407",0,0,0,0.042557870869324,0,0,0.527269625384522,0,0.108267624771985,0,0,0,0.321904878974169,0,0
"379","408",0,0.166351816492358,0.3448700280439,0,0.308228821928273,0,0,0,0.180448648771005,0,0.000100684764463626,0,0,0,0
"380","409",0,0.00374685050801825,0.283240524717681,0.0254647961210644,0.15248438799725,0.535063440655986,0,0,0,0,0,0,0,0,0
"381","410",0,0,0.231943535122485,0,0.303723750299912,0.254051957501287,0,0.0316275036668285,0,0,0,0,0.178653253409488,0,0
"382","411",0.47237918136558,0.0830292856327183,0,0,0,0.397082567280896,0,0,0.0475089657208058,0,0,7.89280105011477e-19,0,0,0
"383","412",1,0,0,0,0,0,0,0,0,0,0,0,0,0,0
"384","413",1,0,0,0,0,0,0,0,0,0,0,0,0,0,0
"385","414",0.958891615684647,0,0,0.0411083843153533,0,0,0,0,0,0,0,0,0,0,0
"386","415",0.767963496625427,0,0,0,0,0.232036503374573,0,0,0,0,0,0,0,0,0
"387","416",1,0,0,0,0,0,0,0,0,0,0,0,0,0,0
"388","417",0.78933767848409,0,0,0,0,0.21066232151591,0,0,0,0,0,0,0,0,0
"389","418",1,0,0,0,0,0,0,0,0,0,0,0,0,0,0
"390","419",1,0,0,0,0,0,0,0,0,0,0,0,0,0,0
"391","420",0.947751922298453,0.0522480777015468,0,0,0,0,0,0,0,0,0,0,0,0,0
"392","421",0.155683154464745,0,0.455704429066493,0.279465310065872,0.109055797402921,0,0,0,9.13089999693183e-05,0,0,0,0,0,0
"393","422",0.16878501762511,0.480331872450839,0,0,0,0,0,0,0.121464395671961,0,0,0,0,0.229418714252091,0
"394","423",0,0.352327083011589,0.0810049135028857,0.0215469901235466,0.440872180771238,0,0,0.104248832590741,0,0,0,0,0,0,0
"395","425",0,0.0337153332961012,0,0,0,0,0.588835119961853,0,0.127972618216543,0,0,0,0.226670741970282,0.0227857135315012,2.04730237195974e-05
"396","426",0,0.392491281160851,0,0,0,0,0,0,0.325814853755188,0,0.197067788928594,0,0,0,0.0846260761553676
"397","427",0,0.0282321532591641,0.780396451900333,0,0.0541710332936109,0,0,0,0.137200361546892,0,0,0,0,0,0
"398","428",0.351376438194047,0.466716909958713,0,0.0403467319287738,0.0298029166968813,0,0,0.000225989343982431,0,0,0,0,0,0,0.111531013877602
"399","429",0,0,0.636308484152759,0,0,0,0,0.363691515847241,0,0,0,0,0,0,0
"400","430",0.760789368921593,0,0,0,0,0.239210631078407,0,0,0,0,0,0,0,0,0
"401","431",0.520672286014539,0,0,0,0,0.479327713985461,0,0,0,0,0,0,0,0,0
"402","432",1,0,0,0,0,0,0,0,0,0,0,0,0,0,0
"403","433",0.836147378732214,0,0,0,0,0.163852621267785,0,0,0,0,0,0,0,0,0
"404","434",0.792398337287583,0,0,0,0,0.207601662712417,0,0,0,0,0,0,0,0,0
"405","435",0.935899521660057,0,0,0.0641004783399427,0,0,0,0,0,0,0,0,0,0,0
"406","436",0.320013701374979,0,0,0,0,0.679986298625021,0,0,0,0,0,0,0,0,0
"407","437",0.767868664709613,0,0,0,0,0.232131335290387,0,0,0,0,0,0,0,0,0
"408","438",1,0,0,0,0,0,0,0,0,0,0,0,0,0,0
"409","439",0.743763387174014,0,0,0.231421823950988,0,0,0,0,0.0248147888749981,0,0,0,0,0,0
"410","440",1,0,0,0,0,0,0,0,-2.09324421358556e-20,0,0,0,0,0,0
"411","441",0,0,0.955907561928052,0,0.044092438071948,0,0,0,0,0,0,0,0,0,0
"412","442",0.109804805668719,0.256387424816752,0,0,0.633807769514528,0,0,0,0,0,0,0,0,0,0
"413","443",0,0.382900363768712,0.283510027748805,0,0,0,0,0,0.115353629637089,0,0.0589363806243754,0,0,0,0.15929959822102
"414","444",0,5.08159162530576e-05,0,0.0397637581970395,0,-4.8501932822144e-18,0.433674079701009,0,0.228712249342991,0,0,0,0.297799096842708,0,0
"415","445",0,0,0,0,0,0,0.461246128114107,0,0.0976622776258997,0,0,0,0.430505881534051,0.0105857127259419,0
"416","446",0,0.202887218304814,0.339566037844996,0,0.126414973452521,0,0,0,0.232891951843347,0,0.0478480159710254,0,0,0,0.0503918025832972
"417","447",0,0.0845573690357131,0.59869164114827,0.106408007430576,0,0,0,0.189368303934835,0.0209569311914103,0,0,1.77472591956559e-05,0,0,0
"418","448",0,0.0796058966182348,0.732199933151388,0,0.147078976825895,0,0,0.0411151934044823,0,0,0,0,0,0,0
"419","449",0.862752811152011,0,0.136505021013697,0,0,0,0,0,0.000742167834292586,0,0,0,0,0,0
"420","450",0.879532605295503,0,0,0.120467394704497,0,0,0,0,0,0,0,0,0,0,0
"421","451",1,0,0,0,0,0,0,0,0,0,0,0,0,0,0
"422","452",0.972138061891756,0.0278619381082435,0,0,0,0,0,0,0,0,0,0,0,0,0
"423","453",1,0,0,0,0,0,0,0,0,0,0,0,0,0,0
"424","454",1,0,0,0,0,0,0,0,0,0,0,0,0,0,0
"425","455",0.917066316874432,0.0829336831255676,0,0,0,0,0,0,0,0,0,0,0,0,0
"426","456",1,0,0,0,0,0,0,0,0,0,0,0,0,0,0
"427","457",1,0,0,0,0,0,0,0,0,0,0,0,0,0,0
"428","458",0.212134095253485,0.46726598617022,0.320376911313408,0,0,0,0,0,-1.16779364432382e-18,0,0,0,0,0.000223007262886717,0
"429","459",0,1,0,0,0,0,0,0,0,0,0,0,0,0,0
"430","460",0,0.0533018483093102,0.765850834033635,0,0.180847317657055,0,0,0,0,0,0,0,0,0,0
"431","462",0,0,0,0,0.175147149464021,0,0.824852850535978,0,0,0,0,0,5.01945797759203e-18,0,0
"432","463",0,0.041316820056533,0,0,0.201991016486674,0,0.308808641240403,0,0.320905387475658,0,0,0,0,0.126978134740733,0
"433","464",0,0.0915154625207792,0.764392121662367,0,0,0,0,0,0.143843959578307,0,0.00024845623854701,0,0,0,0
"434","465",0,0.0125381483945714,0.661258824569678,0,8.36683049563574e-06,0,0,0,0,0,0.326194660205255,0,0,0,0
"435","466",0,0.0213953393189078,0,0.232010681872609,0.180793058275545,0,0,0.193863922088666,0,0,0,0,0,0.202483712660202,0.16945328578407
"436","467",0.17263027335794,0.0978971813932936,0.531297042123722,0,0.101191030262078,0,0,0,0.0969844728629669,0,0,0,0,0,0
"437","468",0.948707025496689,0,0,0.051292974503311,0,0,0,0,0,0,0,0,0,0,0
"438","469",0.913838234594171,0,0,0.0861617654058286,0,0,0,0,0,0,0,0,0,0,0
"439","470",0.693597645771515,0,0,0,0,0.306402354228485,0,0,0,0,0,0,0,0,0
"440","471",0.706722206256464,0,0,0,0,0.293277793743536,0,0,0,0,0,0,0,0,0
"441","472",1,0,0,0,0,0,0,0,0,0,0,0,0,0,0
"442","473",0.738720200140981,0.0363272858548825,0,0,0,0.224952514004137,0,0,0,0,0,0,0,0,0
"443","474",1,0,0,0,0,0,0,0,0,0,0,0,0,0,0
"444","475",1,0,0,0,0,0,0,0,0,0,0,0,0,0,0
"445","476",1,0,0,0,0,0,0,0,0,0,0,0,0,0,0
"446","477",1,0,0,0,0,0,0,0,0,0,0,0,0,0,0
"447","478",0.118686156082712,0.0877256793890236,0.533518467429685,0,0,0,0,0,0,0,0,0.104709611963107,0,1.13403092422236e-05,0.15534874482623
"448","479",0,0.0577666142778639,0,0.437131456224943,0.505101929497193,0,-2.63614983897402e-21,0,0,0,0,0,0,0,0
"449","480",0,0.316326078752219,0.266005952652452,0,0,0,0,0,0.34559050829163,0,0.0720774603036993,0,0,0,0
"450","481",0,0.339270389697051,0.111266173480797,0.0811765438023251,0.156855157653395,0.0176628601309374,0,0,0.129628279525017,0,0.0280405504949857,0,0,0,0.136100045215492
"451","482",0,0,0,0.0321883603242274,0,0,0.3551501243995,0,0.0562393435333752,0,0,0,0.556422171742897,0,0
"452","483",0,0,0,0.242255843270879,0.183300707319056,0,0.213856749664182,0,0.0744710572631144,0,0,0,0.286115642482769,0,0
"453","484",0,0,0.901912902612308,0,0,0,0,0,0.0764392147498541,0,0.021647882637838,0,0,0,0
"454","485",0.704062381939527,0.0184616434798811,0,0,0.0830725288911054,0,0,0.0931062793060968,0,0,0,0,0,0,0.10129716638339
"455","486",0.300318722516738,0.0465936172359602,0.0191013761603207,0,0,0,0,0.127997791494732,0.17128027586509,0,0,0.280536611834119,0,0.05417160489304,0
"456","487",0.736695777011449,0,0,0,0,0,0,0,0.263304222988551,0,0,0,0,0,0
"457","488",1,0,0,0,0,0,0,0,0,0,0,0,0,0,0
"458","489",1,0,0,0,0,0,0,0,0,0,0,0,0,0,0
"459","490",0.98129480324273,0.0187051967572699,0,0,0,0,0,0,0,0,0,0,0,0,0
"460","491",0.961872532325871,0.038127467674129,0,0,0,0,0,0,0,0,0,0,0,0,0
"461","492",0.678829800495741,0,0,0,0,0.321170199504259,0,0,0,0,0,0,0,0,0
"462","493",1,0,0,0,0,0,0,0,0,0,0,0,0,0,0
"463","494",1,0,0,0,0,0,0,0,0,0,0,0,0,0,0
"464","495",0.0293498943028746,0.191289450141846,0.619193714737049,0.0703275217443579,0.0579506599778872,0,0,0,0.0318887590959856,0,0,0,0,0,0
"465","496",0.763975602789843,0.0391167412441679,0,0.0488916868866933,0.148015969079296,0,0,0,0,0,0,0,0,0,0
"466","497",0,0.467641717650729,0,0,0.420917588007676,0,0,0,0,0,0,0.111440694341595,0,0,0
"467","499",0,0,0,0,0,0,0.823808158871964,0,0.176191841128036,0,0,0,0,0,0
"468","500",0,0.295251818359569,0,0.175966506239435,0,0,0,0,0.372732249435155,0,0.0416359252499785,0,0,0,0.114413500715861
"469","501",0,0.0127069661707733,0.681664013589509,0.118537175064761,0,0,0,0,0.142721799203609,0,0,0,0,0,0.0443700459713473
"470","502",0,0,0.0584779943195534,0.516585732957685,0,0,0,0.339123713010154,0,0,0,0,0,0.0858125597126076,0
"471","503",0,0.0188814615531307,0.481316655564303,0,0,0,0,0.462137982345617,0,0,0,0,0,0.0376639005369495,0
"472","504",0.34196314043058,0.135859209590458,0.502543290376005,0,0,0,0,0,0.0196343596029574,0,0,0,0,0,0
"473","505",0.78740792737517,0,0,0,0,0.21259207262483,0,0,0,0,0,0,0,0,0
"474","506",1,0,0,0,0,0,0,0,0,0,0,0,0,0,0
"475","507",0.808378018123714,0,0,0,0,0.191621981876286,0,0,0,0,0,0,0,0,0
"476","508",0.873170000956426,0,0,0,0,0.126829999043574,0,0,0,0,0,0,0,0,0
"477","509",0.6031642792819,0,0,0,0,0.3968357207181,0,0,0,0,0,0,0,0,0
"478","510",0.928800384134687,0,0,0.0711996158653128,0,0,0,0,0,0,0,0,0,0,0
"479","511",0.931822645208262,0,0,0.0681773547917383,0,0,0,0,0,0,0,0,0,0,0
"480","512",1,0,0,0,0,0,0,0,0,0,0,0,0,0,0
"481","513",0.938763730864849,0,0,0.0612362691351513,0,0,0,0,0,0,0,0,0,0,0
"482","514",0.127136399926347,0.0899894375889645,0.694432129452926,0,0,0,0,0,0.0884420330317628,0,0,0,0,-1.61363313197389e-18,0
"483","515",0,0.652206328395379,0,0,0.347793671604621,0,0,0,0,0,0,0,0,0,0
"484","516",0,0.227619180797692,0,0.161520278877451,0.0819476911527771,0.383681409411484,0,2.38492851839904e-05,0.0682970134633109,0,0,0,0.0769105770121004,0,0
"485","517",0,0.0246003161461349,0.398092865008222,0.0764501849042828,0.0925422159173461,0,0,0,0.223904321851434,0,0.0529194886308294,0,0,0,0.13149060754175
"486","518",0,0,0,0.0498710204720655,0,0,0.536734069812999,0,0.0989058858531052,0,0,0,0.314489023861831,0,0
"487","519",0,0,0,0,0,0,1,0,0,0,0,0,0,0,0
"488","520",0,0.163869574032845,0,0.0458094821030654,0.193714495702416,0,0.373884941298681,0,0.0554537091406333,0,0,0,0.108170696915245,0.0590971008071148,0
"489","521",0.115665831503581,0.00244531354014617,0.677866228404126,0.0447224207837768,0.0656010719982675,0,0,0,0.0936991337701032,0,0,0,0,0,0
"490","522",0.238133947045323,0.0233997716856552,0.0306483459218039,0,0.477243069259914,0,0,0.230574866087303,0,0,0,0,0,0,0
"491","523",0.632700899289457,0.017443665548161,3.56382998793374e-05,0,0,0,0,0,0,0,0,0.349819796862503,0,0,0
"492","524",1,3.43913758732829e-19,0,0,0,-2.51349641764074e-18,0,0,0,0,0,0,0,0,0
"493","525",1,0,0,0,0,0,0,0,0,0,0,0,0,0,0
"494","526",1,0,0,0,0,0,0,0,0,0,0,0,0,0,0
"495","527",0.715462319151525,0,0,0,0,0.284537680848475,0,0,0,0,0,0,0,0,0
"496","528",0.63764524617755,0,0,0,0,0.36235475382245,0,0,0,0,0,0,0,0,0
"497","529",1,0,0,0,0,0,0,0,0,0,0,0,0,0,0
"498","530",0.714806559749568,0,0,0,0,0.285193440250432,0,0,0,0,0,0,0,0,0
"499","531",0.211476004140692,0,0.438363642770484,0.0924045437289853,0.1863384851213,0,0,0,0.071417324238539,0,0,0,0,0,0
"500","532",0,0.439013351644749,0,0,0,0.0206654623788785,0.156026513894592,0.38429467208178,0,0,0,0,0,0,0
"501","533",0,0,1,0,0,0,0,0,0,0,0,0,0,0,0
"502","535",0,0,0,0.0817151437747824,0.0845973137728163,-3.24275219211668e-20,0.198068569539501,0,0.155264254235435,0,0,0,0.480354718677466,0,0
"503","536",0,0.099338937391603,0,0,0,0,0.700097838935716,0,0.000880866400595421,0,0,0,0.199682357272085,0,0
"504","537",0,0.165707267833667,0.0448428028353897,0,0.534170194891768,0.0531661008022066,0,0,0,0,0,0,0,0,0.202113633636968
"505","538",0,7.3232400159309e-19,0.893890368085762,0,0,0,0,0,0.106109631914238,0,0,0,0,0,0
"506","539",0,0,0,0.47286893687254,0.375339731843363,0,0,0.151791331284098,0,0,0,0,0,0,0
"507","540",0,0.222243978597293,0,0.539268008583537,0.0823347554630584,0,-4.04200397918715e-19,0.156153257356112,0,0,0,0,0,0,0
"508","541",0.386122811319835,0,0.553020803743249,0,0,0,0,0,0.0608563849369164,0,0,0,0,2.3974580039527e-18,0
"509","542",0.871957370015866,0,0,0,0,0.128042629984134,0,0,0,0,0,0,0,0,0
"510","543",1,0,0,0,0,0,0,0,0,0,0,0,0,0,0
"511","544",1,0,0,0,0,0,0,0,0,0,0,0,0,0,0
"512","545",0.651866896583782,0,0,0,0,0.348133103416218,0,0,0,0,0,0,0,0,0
"513","546",0.746137910102536,0.133874913345119,0,0,0,0.119987176552344,0,0,0,0,0,0,0,0,0
"514","547",1,0,0,0,0,0,0,0,0,0,0,0,0,0,0
"515","548",0.743733793661049,0,0,0,0,0.256266206338951,0,0,0,0,0,0,0,0,0
"516","549",0.343030649611526,0,0,0,0,0.656969350388474,0,0,0,0,0,0,0,0,0
"517","550",0.417692928363678,0.096766467025378,0.417707138390569,0.0678334662203755,0,0,0,0,0,0,0,0,0,0,0
"518","551",0,0.234584804143271,0.735093383386993,0,0.0303218124697363,0,0,0,0,0,0,0,0,0,0
"519","552",0,0.414409152703395,0.30608028192931,0,0.279510565367295,0,0,0,0,0,0,0,0,0,0
"520","553",0,0.0179365729404521,0.566252024529707,0.0354245229680494,0,0,0,0,0.312313260188918,0,0,0,0,0,0.0680736193728732
"521","554",0,0.0747405322429388,0,0.0248132872868611,0,0.0347370336469853,0.484658637082525,0,0.159069727530957,0,0,0,0.221980782209733,0,0
"522","555",0,0,0,0,0,0,0.887718923319765,0,0.112281076680235,0,0,0,0,0,0
"523","556",0,0,0,0,0,0,1,0,0,0,0,0,0,0,0
"524","557",0,0.211233496021522,0.109085949782825,0.0562571084162142,0.120160013832714,0,0,0,0.235901868781516,0,0.0887133711429683,0,0,0,0.178648192022241
"525","558",0,0.223300132963574,0.376405361482706,0,0.310884837311512,0,0,0,0.0482694902837552,0,0.0411401779584532,0,0,0,0
"526","559",0,0,0.792548446521957,0,0,0,0,0.207451553478043,0,0,0,0,0,0,0
"527","560",0.686722436240857,0,0,0,0,0.313277563759143,0,0,0,0,0,0,0,0,0
"528","561",0.723141743568089,0,0,0,0,0.276858256431911,0,0,0,0,0,0,0,0,0
"529","562",1,0,0,0,0,0,0,0,0,0,0,0,0,0,0
"530","563",0.678171534332806,0,0,0,0,0.321828465667194,0,0,0,0,0,0,0,0,0
"531","564",1,0,0,0,0,0,0,0,0,0,0,0,0,0,0
"532","565",1,0,0,0,0,0,0,0,0,0,0,0,0,0,0
"533","566",0.798210521826491,0,0,0,0,0.201789478173509,0,0,0,0,0,0,0,0,0
"534","567",0.255200884529625,0.666479163606112,0,0,0,0,0.0778996248921716,0,0,0,0,0,0,0,0.000420326972091211
"535","568",0,0,0.170673534852986,0,0.0565098675824715,0.772813592929081,0,0,0,0,0,0,7.69377622939062e-19,3.00463546206802e-06,0
"536","569",0,0.457395671780753,0.460804586079547,0,0,0,0,5.4407768590391e-18,0.0817997421396996,0,0,0,0,0,0
"537","571",0,0,0,0.0991672873017066,0,0,0.69635574799083,0,0,0,0,0,0.204476964707463,0,0
"538","572",0,0,0,0,0,0,0.794420679920343,0,0.144857398280583,0,0,0,0.0607219217990747,0,0
"539","573",0,0.280105403611818,0.174182181085862,0,0.18517127474684,0,0,0,0.268354428869186,0,0.0578621974582523,0,0,0,0.0343245142280426
"540","574",0,0.218832867941722,0.204677273921679,0,0.114265417720836,0,0,0,0.277656693894702,0,0.118015044369306,0,0,0,0.0665527021517559
"541","575",0,0.115223850342991,0.16781368547288,0.393548867327155,0.210454957332551,0,0,0,0.112958639524423,0,0,0,0,0,0
"542","576",0,0.10195978644916,0,0,0.146467646990274,0.699040208809041,0,0.0525323577515247,0,0,0,0,0,0,0
"543","577",0.75633240211852,0.24366759788148,0,0,0,0,0,0,0,0,0,0,0,0,0
"544","578",0.822684171351523,0,0,0,0,0.177315828648477,0,0,0,0,0,0,0,0,0
"545","579",0.953539029319638,0,0,0.0464609706803622,0,0,0,0,0,0,0,0,0,0,0
"546","580",0.903239336877718,0,0,0.0967606631222823,0,0,0,0,0,0,0,0,0,0,0
"547","581",1,0,0,0,0,0,0,0,0,0,0,0,0,0,0
"548","582",0.682722239611602,0,0,0,0,0.317277760388398,0,0,0,0,0,0,0,0,0
"549","583",1,0,0,0,0,0,0,0,0,0,0,0,0,0,0
"550","584",1,0,0,0,0,0,0,0,0,0,0,0,0,0,0
"551","585",0.497440255759822,0,0.328836371104648,0,0,0.0954197635877613,0,0,0.0783036095477686,0,0,0,0,0,0
"552","586",0,0,0.664470866805312,0,0.258217954729094,0,-2.43245418386153e-18,0,0,0,0,0,0,0,0.0773111784655932
"553","587",0,0.0396643260948807,0.576981314223663,0,0.270325106645562,0,0,0.0900086097124746,0.0230109082566943,0,0,9.73506672448827e-06,0,0,0
"554","588",0,0.130335873365428,0.469073437590104,0.121489626364146,0.226777358386437,0,0,0,0.0523237042938844,0,0,0,0,0,0
"555","589",0,0,0,0,0,0,0.921398730375507,0,0.0786012696244928,0,0,0,0,0,0
"556","590",0,0,0,0,0,0,1,0,0,0,0,0,0,0,0
"557","591",0,0,0,0,0,0,0.999757431074026,0,0,0,0,0,0.000242568925973756,0,0
"558","592",0,0,0,0,0.0895280467064651,0,0.910471953293535,0,0,0,0,0,0,0,0
"559","593",0,0,0.35741479059548,0,0.139709270426698,0.258140059249543,0,0,0.0536941485887524,0,0.000152867036748621,0,0,0,0.190888864102778
"560","594",0,0,0.40464238006253,0.169948249163838,0.0499985795420954,0,0,0,0.200284147362997,0,0.17512664386854,0,0,0,0
"561","595",0,0.840799339012176,0,0,0.159200660987824,0,0,0,0,0,0,0,0,0,0
"562","596",1,0,0,0,0,0,0,0,0,0,0,0,0,-4.10156648996315e-19,0
"563","597",0.894490971936156,0,0,0.105509028063844,0,0,0,0,0,0,0,0,0,0,0
"564","598",0.928632152264346,0,0,0,0,0,0,0,0,0,0,0,0,0.0713678477356539,0
"565","599",0.7133381940299,0,0,0,0,0.286661805970101,0,0,0,0,0,0,0,0,0
"566","600",0.863259928388951,0,0,0,0,0.136740071611049,0,0,0,0,0,0,0,0,0
"567","601",1,0,0,0,0,0,0,0,0,0,0,0,0,0,0
"568","602",0.873044235472148,0,0.126955764527852,0,0,0,0,0,2.40297425576348e-18,0,0,0,0,0,0
"569","603",0,0,0,0,1,0,0,0,0,0,0,0,0,0,0
"570","604",0.586328638525085,0,0,0,0,0,0,0.380274216035759,4.18176792638126e-05,0,0,2.52041782999022e-05,0,0.0333301235815922,0
"571","605",0,0.0238797830484981,0.688700788885555,0,0,0.127988468585519,0,0,0,0,0.159430959480428,0,0,0,0
"572","606",0,0,0,0,0,0,1,0,0,0,0,0,0,0,0
"573","607",0,0,0,0.0950816613986446,0,0,0.69327521561329,0,0.0836727457481161,0,0,0,0.104823892762313,0.0231464844776359,0
"574","608",0,0,0.422309698252805,0,0.246088376573985,0,0,0,0.278012676895198,0,8.30024845774781e-06,0,0,0,0.0535809480295541
"575","609",0,0,0.63076791606501,0,0,0,0,0,0.203264388071718,0,0.130975788173251,0,0,0,0.0349919076900201
"576","610",0.218577168348566,0.378300830603979,0.265549692311065,0,0.0753784834782022,0,0,0.0621938252581869,-4.19160244699535e-20,0,0,0,0,0,0
"577","611",0,0.539100589474757,0,0.460899410525243,0,0,3.16202788026897e-18,0,0,0,0,0,0,0,0
"578","612",0.69187947497964,0,0.194374347587459,0,0,0.113730343653061,0,0,-5.00745058809918e-21,0,0,0,0,1.5833779840177e-05,0
"579","613",1,0,0,0,0,0,0,0,0,0,0,0,0,0,0
"580","614",0.613179182116944,0,0,0,0,0.386820817883056,0,0,0,0,0,0,0,0,0
"581","615",1,0,0,0,0,0,0,0,0,0,0,0,0,0,0
"582","616",1,0,0,0,0,0,0,0,0,0,0,0,0,0,0
"583","617",1,0,0,0,0,0,0,0,0,0,0,0,0,0,0
"584","618",1,0,0,0,0,0,0,0,0,0,0,0,0,0,0
"585","619",0.526651557415649,0,0.245830508873587,0,0,0.227517933710764,0,0,0,0,0,0,0,0,0
"586","620",0,0.330037832420684,0,0,0.353297926995957,0,0,0.152020018929708,0.0766139577837839,0,0,1.34312632121693e-18,0,0.088030263869867,0
"587","621",2.66430933340243e-05,0.221167212140583,0,0.161678406825008,0.189631717356161,0.427496020584913,0,0,0,0,0,0,0,0,0
"588","622",0,0,0.604377927994864,0,0.230652701166898,0,0,0,0.152288347530397,0,0.0126810233078414,0,0,0,0
"589","623",0,0.169869463266601,0,0,0,0,0.806955762173723,0,0.0231747745596761,0,0,0,0,0,0
"590","624",0,0,0,0,0,0,1,0,0,0,0,0,0,0,0
"591","625",0,0,0,0,0,0.207343883328824,0.792656116671176,0,0,0,0,0,0,0,0
"592","626",0,0,0,0,0.0855831719277693,0,0.914416828072231,0,0,0,0,0,0,0,0
"593","627",0,0,0,0.0763794059217349,0,0,0.89320290041252,0,0,0,0,0,0.0304176936657453,0,0
"594","628",0,0.117599592686385,0.121612516287534,0,0.177896093073018,0.283933070557059,0,0,0.240254654533061,0,0.0587040728629418,0,0,0,0
"595","629",0,0,0.824899914552146,0,0,0.174017515229997,0,0,0,0,0.00108257021785679,0,0,0,0
"596","630",0,0.260384898125845,0.739615101874155,0,0,0,0,0,0,0,0,0,0,0,0
"597","631",1,0,0,0,0,0,0,0,0,0,0,0,0,0,0
"598","632",1,0,0,0,0,0,0,0,0,0,0,0,0,0,0
"599","633",0.885930946518341,0,0,0,0,0.114069053481659,0,0,0,0,0,0,0,0,0
"600","634",0.848689083184891,0,0,0,0,0.151310916815109,0,0,0,0,0,0,0,0,0
"601","635",0.880435840897894,0,0,0,0,0.119564159102106,0,0,0,0,0,0,0,0,0
"602","636",0.249414211888531,0.0663328770969459,0,0.0254560510864275,0.208915567939668,0.449881291988428,0,0,0,0,0,0,0,0,0
"603","637",0,0.722153855555056,0,0.168327681628593,0,0.0470749325967902,0,0.0624435302195609,0,0,0,0,6.24237338309874e-18,0,0
"604","638",0.209632755150791,0.0777196517196822,0.547527297946603,0,0.165078952751674,0,0,0,0,0,0,0,0,4.13424312493655e-05,0
"605","639",0,1,0,0,0,0,0,0,0,0,0,0,0,2.00212795649756e-19,0
"606","641",0,0.281473019011355,0,0.0989754998319848,0.218205071024078,0,0.207898502762752,0,0.19344790736983,0,0,0,0,0,0
"607","642",0,0.240731491097023,0.235093584074073,0,0.166111500544513,0,0,0,0.109117182202863,0,0.0508146898609026,0,0,0,0.198131552220625
"608","643",0,0.0983001992013488,0.777102923217935,0,0,0,0,0,0.124596877580716,0,0,0,0,0,0
"609","644",0.0703811124071644,0.025192850624555,0.330117300687584,0,0.258349367832948,0.315948356495662,0,1.10119520866093e-05,0,0,0,0,0,0,0
"610","645",0,0.0305987995908548,0.249330121849676,0.00265458431908632,0.658307424408547,0,0,0,0.0257053265463557,0,0,-5.66018141498014e-19,0,0.0334037432854799,0
"611","646",0.733579158392304,0,0,0,0,0.266420841607696,0,0,0,0,0,0,0,0,0
"612","647",0.591228798680309,0,0,0,0,0.408771201319691,0,0,0,0,0,0,0,0,0
"613","648",1,0,0,0,0,0,0,0,0,0,0,0,0,1.15189013532352e-19,0
"614","649",0.482655637159503,0,0,0,0,0.517344362840497,0,0,0,0,0,0,0,0,0
"615","650",1,0,0,0,0,0,0,0,0,0,0,0,0,0,0
"616","651",0.970934964247085,0.029065035752915,0,0,0,0,0,0,0,0,0,0,0,0,0
"617","652",0.999140989120517,0,0,0,0,0,0,0,0.000859010879483483,0,0,0,0,0,0
"618","653",4.50356702818499e-18,0.249750534649014,0,0,0,0.750249465350986,0,0,0,0,0,0,0,0,0
"619","654",0.0812224905117214,0.247161225887683,0,0.0165165730768227,0.585007666419131,0,0,0,0,0,0,0,0,0.0700920441046418,0
"620","655",0,0,0.590305930223228,0,0,0,0,0,0.379692335456467,0,0.0300017343203055,0,0,0,0
"621","656",0,0.0445160914194205,0,0,0,0,0.472733788915589,0,0.118647133430018,0,0,0,0.362327483186327,0.00177550304864512,0
"622","657",0,0,0,0.0988113213916653,0,0,0.901188678608335,0,0,0,0,0,0,0,0
"623","658",0,0,0,0,0,0,1,0,0,0,0,0,0,0,0
"624","659",0,0,0,0,0.410170624543363,0,0.589829375456637,0,0,0,0,0,0,0,0
"625","660",0,0,0,0,0,0,1,0,0,0,0,0,0,0,0
"626","661",0,0.0631936518007398,0,0,0,0,0.76043431239524,0,0.0353455957981365,0,0,0,0.141026440005883,0,0
"627","662",0,0.175752640393239,0.354160172188248,0.0737944849076084,0.122402970306943,0.245603774992991,0,0,0,0,0.0282859572109715,0,0,0,0
"628","663",0,0,0,0.173756343775501,0,0.826243656224499,0,0,0,0,0,0,0,0,0
"629","664",0.315537702934069,0.12871978980731,0.0350403796950426,0.130918460079396,0,0.258468903522277,0,0.108153736373233,0,0,0,0,0,0.0231610275886734,0
"630","665",1,1.71417583941146e-18,0,0,0,0,0,0,0,0,0,0,0,0,0
"631","666",1,0,0,0,0,0,0,0,0,0,0,0,0,0,0
"632","667",0.985134150967976,0,0,0.0148658490320237,0,0,0,0,0,0,0,0,0,0,0
"633","668",1,0,0,0,0,0,0,0,0,0,0,0,0,0,0
"634","669",0,0,0,0,0.999414426334764,0,0,0,0,0,0,0,0,0,0.000585573665236352
"635","670",0.582833235821848,0.416907268862575,0,0,0,0,0,0,0.000259495315577399,0,0,0,0,0,0
"636","671",0,0.225719826863613,0.535871716862715,0,0.238408456273672,0,2.01627548442268e-18,0,0,0,0,0,0,3.52375637423119e-19,0
"637","672",0,0,0.00027385467282881,0.0962434628509875,0,0.0896594401426208,0,0,0.258995310053549,0,0.476215583567198,0,0,0,0.078612348712816
"638","673",0,0.226133012262199,0,0,0,0,0.773422230712606,0,0,0,0,0,0,0,0.000444757025194855
"639","674",0,0.149473101971253,0,0.0638598069529266,0.297007012058845,0,0.261288803345511,0,0.063880432604504,0,0,0,0.164490843066961,0,0
"640","675",0,0.0379356694290496,0.36560542933865,0,0.211687065673124,0,0,0,0.230224069022392,0,0.0757093439374772,0,0,0,0.0788384225993067
"641","676",0,0.0357073668515547,0.43761237695354,0.233054025966059,0.206824431019675,0,0,0,0.0477757349249264,0,0.0390260642842436,0,0,0,0
"642","677",0.208867538131337,0.587606477617078,0,0,0.127266332889088,0,0.0762596513624965,0,0,0,0,0,0,0,5.40611757643997e-20
"643","678",0,0.200268947752939,0.205443977424519,0,0.114801842633117,0.479485232189425,0,0,0,0,0,2.18094264719406e-19,0,0,0
"644","679",0.849714393374645,0,0,0,0,0.150285606625355,0,0,0,0,0,0,0,0,0
"645","680",0.817196646984524,0,0,0,0,0.182803353015476,0,0,0,0,0,0,0,0,0
"646","681",0.7271399286579,0,0,0,0,0.2728600713421,0,0,0,0,0,0,0,0,0
"647","682",1,0,0,0,0,0,0,0,0,0,0,0,0,0,0
"648","683",1,0,0,0,0,0,0,0,0,0,0,0,0,0,0
"649","684",0.791081628966289,0,0,0,0,0.208918371033711,0,0,0,0,0,0,0,0,0
"650","685",0.733974795285752,0,0,0,0.266025204714248,0,0,0,0,0,0,0,0,0,0
"651","686",0,2.2266200655814e-19,0,0.666744526006329,0.136374903065723,0,0,0.196880570927947,0,0,0,0,0,0,0
"652","687",0,0.172210703044249,0.247070541967898,0,0.167037853097432,0,0,0,0.343478262899884,0,0.0702026389905366,0,0,0,0
"653","688",0,0.0989779903485789,0,0,0.259429659981292,0,0.0643861595287821,0,0.150842651564507,0,0,0,0.369673152671353,0.0566903859054869,0
"654","689",0,0,0,0,0,0,1,0,0,0,0,0,0,0,0
"655","690",0,0,0,0,0,0,1,0,0,0,0,0,0,0,0
"656","691",0,0,0,0,0,0,1,0,0,0,0,0,0,0,0
"657","692",0,0,0,0,0,0,1,0,0,0,0,0,0,0,0
"658","693",0,0,0,0,0.149954562827989,0,0.850045437172011,0,0,0,0,0,0,0,0
"659","694",0,0,0,0.0862277504458931,0.159430929747082,0,0.564700623370293,0,0.0598010302647994,0,0,0,0.129839666171932,0,0
"660","695",0,0.149105407663583,0.469880897959097,0,0,0.221908257544486,0,0,0.12919142790774,0,0.0299140089250946,0,0,0,0
"661","696",0,0.256822907566758,0,0.0530038382356352,0.630323853987885,0,1.29825776521163e-18,0,0,0,0,0,0,0.0598494002097218,0
"662","697",0.565831066411614,0.0370410653988741,0.098302570981154,0.0475991500707831,0.183787721236411,0.0674384259011642,0,0,0,0,0,0,0,0,0
"663","698",1,0,0,0,0,0,0,0,0,0,0,0,0,0,0
"664","699",0.706302220831335,0,0,0,0,0.293697779168665,0,0,0,0,0,0,0,0,0
"665","700",0.954382841577731,0.0456171584222694,0,0,0,0,0,0,0,0,0,0,0,0,0
"666","701",0.922139227834538,0,0,0.0778607721654617,0,0,0,0,0,0,0,0,0,0,0
"667","702",0,0.172987859549054,0.234259837469481,0.537375930700974,0.0553763722804909,0,0,0,0,0,0,0,0,0,0
"668","703",0,0.575814591859586,0.240553288154756,0,0.118723591508179,0,0,0,0.0649085284774785,0,0,0,0,0,0
"669","704",0,0,0,0,0,0,0.908582095008769,0,0.0829372289888645,0,0,0,0,0.0084806760023664,0
"670","705",0,0,0.188341055262143,0,0.449741146727029,0,0,0,0.203434150921945,0,0.00840855699151239,0,0,0,0.150075090097371
"671","706",0,0.451096261441274,0.315638392071522,0,0.15122624976211,0,0,0,0.0820390967250943,0,0,0,0,0,0
"672","707",0,0,0.517207822290466,0,0.180106869280859,0.0318322113247384,0,0,0.199253594764859,0,0.00975004782615502,0,0,0,0.0618494545129229
"673","708",0,0.177522564576168,0,0.54804356622251,0,0,0,0.217456098005226,0.056977771196096,0,0,0,0,-4.79364069607553e-21,0
"674","709",0.282119385652705,0,0.36174982935147,0,0.180234753457496,0,0,0,0.17589603153833,0,0,0,0,0,0
"675","710",1,0,0,0,0,0,0,0,0,0,0,0,0,0,0
"676","711",0.791528162968349,0,0,0,0,0.208471837031651,0,0,0,0,0,0,0,0,0
"677","712",0.974770103955947,0,0,0,0,0.0252298960440528,0,0,0,0,0,0,0,0,0
"678","713",1,0,0,0,0,0,0,0,0,0,0,0,0,0,0
"679","714",0.991290353092076,0,0,0,0,0,0,0,0.00870964690792437,0,0,0,0,0,0
"680","715",0.963959222303352,0,0,0.0360407776966478,0,0,0,0,0,0,0,0,0,0,0
"681","716",0,0.700158533415294,0,0.0297242737234328,0,0.0129600753208812,0,0.257157117540392,0,0,0,0,0,0,0
"682","717",0,0.143559543665025,0,0.0296813479334327,0.165275980318985,0.551820393929577,0,0,0.0508981600761508,0,0.0587645740768297,0,0,0,0
"683","718",0,0,0,0.141779840120654,0,0,0,0.409277932781521,0,0,0,0.200144920831598,7.11721020249213e-05,0,0.248726134164202
"684","719",0,0,0,0,0,0,1,0,0,0,0,0,0,0,0
"685","720",0,0,0,0,0.420504222327253,0,0.579495777672747,0,0,0,0,0,0,0,0
"686","721",0,0,0,0,0,0,1,0,0,0,0,0,0,0,0
"687","722",0,0,0,0,0,0.0864429938749241,0.913557006125076,0,0,0,0,0,0,0,0
"688","723",0,0,0,0,0,0.000612549226170191,0.99938745077383,0,0,0,0,0,0,0,0
"689","724",0,0,0,0,0,0,0.967276430188925,0,0,0,0,0,0.0327235698110749,0,0
"690","725",0,0.0829839756799016,0.0391164200315453,0.199486396113185,0.477885455079901,0,0,0,0.094179020312076,0,0.0691377220252601,0,0,0,0.0372110107581319
"691","726",0.25468513721993,0.23202969263435,0,0.140259850600316,0.110947028051718,0,0,0.162669812075984,0,0,0,0,0,0.0994084794177023,0
"692","727",0.158267215458463,0.38411319855781,0,0,5.70878788909942e-05,0,0,0.404860928453754,0.0308036136277452,0,0,0,0,0.0218979560233371,0
"693","728",0.266528008971663,0,0.446298524435388,0,0,0,0,0,0.287173466592948,0,0,0,0,0,0
"694","729",0.998462272043967,0,0,0,0,0,0,0,0.00153772795603299,0,0,0,0,0,0
"695","730",0.418370262571836,0.258218369805837,0,0,0,0.323411367622327,0,0,0,0,0,0,0,0,0
"696","731",0.14815184591969,0.139888181310727,0,0.0545519544434153,0,0,0,0.587925176265474,0.000254590020214869,0,0,0,0,0.0692282520404796,0
"697","732",0,0.101756229394252,-5.19079129760623e-19,0.366334181253128,0.53190958935262,0,0,0,0,0,0,0,0,0,0
"698","733",0,0.0183274168762227,0,0.694162182400163,0.287510400723614,0,0,0,0,0,0,0,0,0,0
"699","734",0,0.690096039445351,0,0,0,0,0,0,0.273405314566813,0,0.0364986459878363,0,0,0,0
"700","735",0,0.180030248439768,0,0.046498359133744,0.102918469721355,2.33310499903802e-05,0.0814769516408206,0,0.331446032251003,0,0,0,0.0691678868686293,0.18843872089469,0
"701","736",0,0.0444422188285202,0.123453833093652,0,0.257266861649347,0,0,0,0.32156554581173,0,0.253271540616751,0,0,0,0
"702","737",0.0349661502162809,0.0472962431966206,0,0,0,0.0473686321999345,0,0.540373301628361,0.180656943526581,0,0,0.149338729232222,0,0,0
"703","738",0,0.364000673483311,0,0,0,0,0,0.392891912353293,0.180507620738862,0,0,0,0,0.0625997934245335,0
"704","739",0,0,0,0,1,0,0,0,0,0,0,0,0,0,0
"705","740",0.919682726798131,0,0,0.0803172732018689,0,0,0,0,0,0,0,0,0,0,0
"706","741",1,0,0,0,0,0,0,0,0,0,0,0,0,0,0
"707","742",1,0,0,0,0,0,0,0,0,0,0,0,0,0,0
"708","743",0.673984301153165,0,0,0,0,0.326015698846835,0,0,0,0,0,0,0,0,0
"709","744",0.220066544552399,0,0.329907266357524,0,0,0.315389404240995,0,0,0.134636784849082,0,0,0,0,0,0
"710","745",0,0.54795790313208,0,0,0.41068187370245,0,0,0.0413602231654699,0,0,0,0,0,0,0
"711","746",0,0.401229707814537,0.413407244062713,0,0,0,0,0,0.0856621269731904,0,0.0376274786480033,0,0,0,0.0620734425015561
"712","747",0,0.217063443712902,0.10848428345195,0,0,0.378761698576643,0,0,0.165093727789307,0,0.130596846469198,0,0,0,0
"713","748",0,0,0,0,0.0293439496479054,0,0.678902092057784,0,0.0727793705349112,0,0,0,0.2147153606249,0.00425922713450023,0
"714","749",0,0,0,0,0,0,1,0,0,0,0,0,0,0,0
"715","750",0,0,0,0,0,0,0.725173410094615,0,0,0,0,0,0,0.274826589905385,0
"716","751",0,0,0,0,0,0.422145392448588,0.577854607551412,0,0,0,0,0,-6.74336765626775e-19,0,0
"717","752",0,0,0,0,0.0802070278410956,0.727575678300112,0,0,0.192217293858792,0,0,0,5.18015946992183e-19,1.0428581704128e-18,0
"718","754",0,0,0,0.0267596257230029,0.370562401576649,0,0.307958187380816,0,0.0315727665808338,0,0,0,0.263147018738698,0,0
"719","755",0,0.09939637166934,0.236549817550694,0,0,0.0291866422643896,0,0,0.359930927805359,0,0.0500474081255559,0,0,0,0.224888832584662
"720","756",0,0.0449382018369011,0.684449970642114,0.269277000683981,0,0,0,0,0.00133482683700439,0,0,0,0,0,0
"721","757",0,0.347859437428536,0.31729121101352,0,0,0.0149738395056094,0.000539919980157646,0.319335592072177,0,0,0,0,0,0,0
"722","758",0,0.680097913790038,0.142508894454683,0.0122466482011849,0,0,0,0.165146543554095,0,0,0,0,0,0,0
"723","759",0,0,0,0.482097637062773,0.517901847288157,0,0,0,0,0,0,5.15649069459347e-07,0,0,0
"724","760",0,0.334076747285338,0,0,0,0,0,0.665831470574476,0,0,0,9.17821401862223e-05,0,0,0
"725","761",8.17392707795341e-05,0,0.425954505942596,0,0,0,0,0.31457546276622,0,0,0,0.163625499092029,0,0.0957627929283764,0
"726","762",0,0.281903846843409,0.016781699219449,0.116937755782498,0.042982730385892,0,0,0,0.274554481299291,0,0.266839486469461,0,0,0,0
"727","763",0,0.190119426521024,0,0.0567266386848814,0,0.124939209881466,0,0,0.385182096198382,0,0.100387844030691,0,0,0,0.142644784683556
"728","764",0,0.114709806943035,0.388032396511352,0.16895147756498,0.144536368973515,0,0,0,0.183769950007118,0,0,0,0,0,0
"729","765",0,0.128527762983126,0.51027840902064,0.0423251617865606,0.115073527947381,0,0,0,0.173609414470486,0,0.0301857237918063,0,0,0,0
"730","766",0.124258668096255,0.223897876806525,0.316803212718546,0,0.271242771844558,0,0,0.0118514989772725,0.0519459715568428,0,0,0,0,0,0
"731","767",0.389068361619245,0.150499452139367,0.245087059643847,0.123562075469714,0.0917830511278267,0,0,0,0,0,0,0,0,0,0
"732","768",0.267184852005046,0.0478944582318004,0.248640797876143,0.133056426161666,0,0.26947965247518,0,0,0.0337438132501643,0,0,0,0,0,0
"733","769",0.502623240010721,0.0162544669677753,0.185752048673735,0.0807850590019094,0,0.214585185345859,0,0,0,0,0,0,0,0,0
"734","770",0.647717190575043,0,0.0830661068373438,0,0,0.188969453313073,0,0,0.0802472492745397,0,0,0,0,7.48889300939167e-21,0
"735","771",0.333361886170665,0.0645683286607058,0.257435658974976,0,0.126597951310346,0.151710578474426,0,0,0.0663255964088822,0,0,0,0,0,0
"736","772",0.155661329677765,0.192294608499753,0.0329775460135173,0.0138365088766577,0.266712151528256,0.338517855404051,0,0,0,0,0,0,0,0,0
"737","773",0,0.193293788013547,0.414155607689733,0.0558793776420578,0.103813638872935,0.232857587781727,0,0,0,0,0,0,0,0,0
"738","774",0,0.048218015829349,0.177037038392375,0.0887503811868876,0.144160182033945,0,0,0,0.237226631499875,0,0.0660327232059724,0,0,0,0.238575027851596
"739","775",0,0,0,0,0.0588261123561175,0,0.941173887643882,0,0,0,0,0,3.69237341394203e-20,0,0
"740","776",0,0,0,0,0,0,1,0,0,0,0,0,0,0,0
"741","777",0,0,0,0,0,0,1,0,0,0,0,0,0,0,0
"742","778",0,0,0,0.0305337310420262,0,0,0.704162539688217,0,0,0,0,0,0.252069233793017,0.01323449547674,0
"743","779",0,0,0,0,0,0,1,0,0,0,0,0,0,0,0
"744","780",0,0,1,0,0,0,0,0,0,0,0,0,0,0,0
"745","781",0,0,0,0,0,0,0,0,1,0,0,0,0,0,0
"746","782",0,0,0,0.198813743777595,0,0,0.801186256222405,0,0,0,0,0,0,0,0
"747","785",0,0,0.999958883777894,0,4.11162221056007e-05,0,0,0,0,0,0,0,0,0,0
"748","786",0,0.231118252376944,0,0.233030376468012,0.535851371155044,0,0,0,0,0,0,0,0,0,0
"749","787",0,0.61412542346472,0,0,0,5.51124476525977e-20,0,0,0.21470394069558,0,0.1711706358397,0,0,0,0
