gene_identifier,n_counts,n_cells
Xylt2,332.0,65
Parp12,273.0,63
Cdh19,177.0,59
Otub1,1873.0,71
Dhx38,483.0,62
Fam120c,165.0,53
Znrf3,285.0,65
Cdh26,212.0,58
Ercc3,286.0,64
Coq5,362.0,60
Ndp,203.0,59
Hoxc6,118.0,49
Fam193b,186.0,55
Npas1,340.0,53
Mgea5,496.0,66
Apobec4,159.0,56
Sphk1,176.0,57
Smc4,220.0,57
M1ap,113.0,43
Ccdc178,145.0,49
Zfp398,171.0,53
Mmd2,367.0,67
Pianp,373.0,64
Ndnf,228.0,62
Top1mt,348.0,63
Gnb3,319.0,61
Tab2,238.0,62
Slc2a7,85.0,35
Bak1,328.0,62
Smg1,243.0,66
Kcnj13,173.0,53
Lingo3,274.0,63
Hrh1,244.0,53
Atp11c,157.0,51
Tsc22d3,784.0,69
Nxph1,366.0,63
Sgk1,459.0,66
Fbxo11,235.0,61
Colec10,166.0,56
Polr3c,271.0,55
Cog7,307.0,66
Pdzd2,414.0,62
Setdb2,244.0,61
Lrtm2,305.0,65
Bdp1,215.0,63
Tmem56,182.0,58
Ermp1,125.0,45
Sox17,115.0,52
Ucp3,167.0,48
Sh3d21,98.0,43
Neurl1a,535.0,66
Tmc1,198.0,57
Cpne3,148.0,51
Zbtb4,680.0,66
Tmprss6,195.0,63
Foxd4,137.0,51
Htr2c,193.0,58
Ccdc117,221.0,60
Fubp3,157.0,46
Klf13,997.0,69
Tmem178,807.0,66
Rspo3,178.0,55
Ankdd1b,247.0,65
Iqsec2,356.0,61
Mppe1,144.0,52
Zfp112,262.0,61
Cdk7,150.0,48
Elovl6,140.0,44
Lrfn1,477.0,63
Zfp352,119.0,48
Alg2,1064.0,69
Tdrd7,256.0,61
Zfand2a,361.0,64
Ldlrad4,432.0,63
Vegfc,225.0,61
Pik3r1,405.0,66
Pde5a,111.0,44
Mrps25,208.0,57
Map3k9,639.0,65
Prdm2,467.0,67
Cdkn2aip,267.0,62
Hltf,189.0,56
Mylk3,228.0,59
Zfp652,224.0,63
Ttc12,206.0,57
Zscan18,312.0,65
Sorcs2,131.0,47
Six1,309.0,67
Fam171b,247.0,60
Cx3cr1,207.0,57
Gphb5,281.0,61
Scarb1,276.0,63
Stag3,188.0,56
Sall2,399.0,64
Tox4,423.0,65
Mmp21,289.0,64
Zmat4,196.0,58
Amot,272.0,58
Tatdn2,403.0,62
Nudt19,245.0,60
Klhl42,192.0,60
Mat1a,200.0,60
Spg21,148.0,54
Eif4ebp2,447.0,63
Telo2,151.0,51
Opn4,183.0,56
Dsg1a,114.0,48
Cass4,136.0,45
Sidt2,628.0,65
Ccdc60,116.0,48
Pkmyt1,216.0,57
Tfap2e,151.0,55
Atg14,171.0,52
Dhx16,323.0,64
Smim14,346.0,64
Acvr2a,168.0,49
Ndufaf4,135.0,51
Zfp280b,304.0,59
Adamts16,328.0,61
Prickle3,192.0,59
Ehbp1l1,192.0,56
Gpc2,206.0,51
Sdf2,308.0,64
Med17,188.0,54
Osr2,127.0,45
Xrcc2,153.0,48
Car8,266.0,61
Tmem127,475.0,68
Zfp9,156.0,53
Sirt7,595.0,67
Galnt6,132.0,50
Dctd,138.0,47
Rreb1,262.0,57
Gm9899,257.0,57
Slc38a4,145.0,51
Muc19,159.0,51
Trpv5,182.0,60
Spr,447.0,65
Stard8,329.0,65
Slc19a2,197.0,50
Vps52,601.0,66
Cops7b,285.0,60
Lin7a,159.0,61
Mcm8,160.0,54
Etv4,214.0,59
Ubiad1,252.0,60
Slc25a12,962.0,68
Steap4,195.0,60
Slain2,274.0,60
Plod1,259.0,64
Cab39l,250.0,57
Gps1,866.0,68
Rhbdf2,200.0,60
Wnt7a,282.0,64
Srrt,473.0,67
Zfp647,247.0,61
Stk38,127.0,51
Kcnt1,379.0,61
Hadha,257.0,56
Hspa4l,400.0,64
Mia3,283.0,63
Rbm43,227.0,60
Pcyt1a,171.0,59
Syt10,247.0,61
Dock6,207.0,57
Osbpl9,297.0,61
Fads1,745.0,69
Rrp8,181.0,55
Slc45a1,639.0,65
Slc15a3,146.0,51
Rab30,206.0,55
Glb1l3,240.0,54
Ttc34,162.0,51
Klhdc7b,181.0,56
Trpm5,148.0,57
Acp6,283.0,61
Adnp2,306.0,60
Rarg,211.0,58
Chst3,131.0,47
Gm6588,179.0,62
Iqcc,199.0,51
Vav3,230.0,59
Sh2d5,409.0,66
Pilra,125.0,48
Zcchc12,219.0,50
Galnt16,410.0,64
Ankrd1,123.0,43
Mansc1,229.0,62
Rad51,148.0,53
Dennd1c,153.0,52
Gli2,276.0,65
Wdfy3,786.0,69
Rab3gap2,482.0,66
Rcan1,387.0,64
Ncoa5,168.0,52
Dolpp1,400.0,66
Ids,458.0,63
S1pr3,253.0,65
Manea,210.0,60
Recql,205.0,57
Fam161a,194.0,52
Cd36,159.0,46
Eftud2,531.0,65
Mtpap,171.0,53
Ankrd61,352.0,65
Ccr7,158.0,54
Rgs8,226.0,58
Stoml2,443.0,66
Aftph,390.0,63
Nefm,577.0,62
Wnt8b,167.0,56
Bhlhe41,182.0,58
Wdfy4,158.0,50
Epg5,104.0,47
Calcr,104.0,42
Muc6,118.0,43
C1ql2,166.0,49
S1pr4,245.0,56
Mcf2,156.0,51
L3mbtl4,186.0,56
Fh1,921.0,70
Faim2,590.0,65
Piwil1,199.0,57
Slc6a15,135.0,46
Slc22a15,124.0,45
Camk4,254.0,60
Lcor,277.0,67
Clrn3,202.0,63
Magea10,136.0,50
Poc1b,183.0,58
Yap1,201.0,54
Trappc5,391.0,62
Ppp5c,1040.0,69
Taf5,251.0,59
Ss18l1,266.0,62
Mettl14,277.0,66
Zc3hc1,335.0,65
Rgs9bp,123.0,49
Slc2a5,129.0,54
Chfr,268.0,61
Angel1,254.0,56
Nlgn2,864.0,68
Slc43a1,181.0,58
Bmpr1a,206.0,58
Dlgap3,2589.0,69
Alk,158.0,54
Vcan,195.0,60
Trip6,229.0,57
Stim1,485.0,65
Ripk1,202.0,56
Ptgr1,89.0,37
Rbm24,239.0,63
Cnnm2,361.0,61
Nlrp10,187.0,59
Ccdc110,122.0,47
Suox,278.0,63
Pbx2,359.0,66
Xrra1,198.0,58
Atxn2l,639.0,68
Slc9b2,239.0,60
Kat2a,574.0,67
Flt3,212.0,63
Ccnk,301.0,64
Hbegf,204.0,57
Dgcr8,344.0,63
Lrp3,495.0,65
Gla,141.0,47
Stam2,200.0,54
Mief2,199.0,53
Ttll6,91.0,41
Bloc1s5,215.0,51
Zfp367,153.0,54
Gpr108,242.0,61
Sf1,245.0,59
Fam76a,207.0,57
Btbd6,318.0,65
Msl2,221.0,63
Tram1l1,393.0,66
Pla2g6,366.0,62
Rnf217,222.0,60
Tada2b,266.0,65
Sod2,232.0,56
Slc1a1,268.0,59
Acap2,141.0,51
Gab3,214.0,62
Tgfbr3,246.0,61
Fancb,247.0,59
Kcna3,332.0,64
Surf4,242.0,56
Pus7l,158.0,59
Anxa6,327.0,64
Ormdl3,262.0,59
Ldhd,222.0,58
Rnf111,361.0,64
Apmap,323.0,64
Prmt8,538.0,61
Wdr64,126.0,46
Smc3,262.0,61
Tnfsf14,158.0,50
Pip5k1a,424.0,64
Tmem81,198.0,58
Nup98,248.0,62
Mtrf1,172.0,49
Pacsin3,602.0,67
Rnf14,821.0,67
Pabpc1l,394.0,67
Tada2a,228.0,62
Klhl32,236.0,54
Kcnk5,146.0,50
Grin3a,221.0,57
Zfp445,269.0,57
Rnf165,444.0,64
Pogk,270.0,62
Cttn,669.0,65
Zfp449,124.0,49
Fank1,240.0,61
Klf5,206.0,56
Capn9,136.0,46
Btla,116.0,39
Tusc2,652.0,66
Slc35a5,142.0,52
Ccdc57,217.0,57
Amotl2,245.0,61
Mfsd2a,404.0,66
Rbfox2,1113.0,68
Cd34,267.0,64
Rem1,210.0,56
Rasl11b,847.0,67
C8a,107.0,50
Dync1i1,581.0,65
Ptpn9,342.0,64
Ap5m1,184.0,54
Slc27a4,705.0,68
Fam219b,306.0,64
Zyg11a,146.0,53
Gen1,157.0,54
Fam189b,227.0,59
Cul5,256.0,58
Abcc12,157.0,57
Sv2a,2258.0,69
Glyr1,1034.0,68
Paip1,202.0,58
Dcstamp,161.0,55
Serinc5,183.0,54
Chga,431.0,68
Kcnj15,121.0,45
Tlr13,136.0,56
Fah,254.0,63
Zbtb46,266.0,63
Usp25,201.0,53
Irgc1,235.0,59
Mknk1,284.0,59
Cyb561d1,169.0,49
Exosc10,266.0,61
Pigo,302.0,60
Abca17,140.0,53
Trim65,169.0,53
Tfap2b,181.0,51
Aldh1b1,398.0,64
Frat2,145.0,46
Kcnn4,312.0,64
Focad,557.0,69
Lrit2,147.0,49
Susd2,239.0,60
Ddb1,781.0,69
Tbc1d10a,504.0,65
Nuak2,143.0,54
Zfp316,199.0,52
Ptgdr,195.0,61
Sh3rf3,332.0,64
Nalcn,200.0,55
Msh6,225.0,53
Sash3,93.0,41
Fshr,157.0,54
Gpatch2,186.0,54
Kif1c,227.0,60
Podn,219.0,52
Sapcd2,107.0,44
Zfp667,259.0,65
Syngap1,3857.0,70
Nlrp4b,108.0,43
Tmem229a,167.0,53
Mtmr9,533.0,66
Slc52a2,230.0,59
Srbd1,183.0,54
Lamb2,259.0,61
Rasl10b,523.0,63
Spn,205.0,58
Per1,230.0,58
Moxd1,168.0,54
Ccnb3,217.0,59
Hyal1,146.0,47
Slc25a36,230.0,65
Mapk7,317.0,62
Fam228a,173.0,59
Mtmr10,170.0,58
Cntn5,194.0,56
Six6,115.0,47
Setdb1,238.0,58
Zcchc6,352.0,67
Mfap3l,250.0,61
Mat2a,208.0,60
Cyp26b1,273.0,62
Trim23,119.0,46
Mroh6,219.0,60
Srl,186.0,52
Riok2,160.0,55
Cpt2,106.0,42
Cdc42ep2,334.0,64
Lrrc32,138.0,54
Actr8,538.0,66
Fig4,155.0,54
Synj2,396.0,62
Grxcr2,212.0,50
Mapk11,274.0,62
Nkrf,238.0,60
Cyp2s1,221.0,56
S1pr2,161.0,52
Sertad4,250.0,62
Gadl1,165.0,58
Ago3,214.0,62
Avpr1a,115.0,36
Tmem72,241.0,61
Fam46c,121.0,47
Rps6ka5,247.0,56
Htr4,174.0,55
Etaa1,286.0,59
Ncoa2,276.0,65
Plcb4,352.0,65
Asb1,265.0,63
Topaz1,147.0,50
Zbtb7a,751.0,67
En1,289.0,65
Ogfr,771.0,69
Sdc4,559.0,68
Tmem163,222.0,57
Zfp281,250.0,63
Tnfrsf10b,111.0,46
Lypla2,711.0,68
Eme2,378.0,64
C1ql3,380.0,65
Wdr92,155.0,52
Srd5a1,353.0,66
Atf7ip,472.0,66
Dnaaf1,199.0,64
Kxd1,220.0,63
Uba1y,179.0,51
Ptprt,474.0,65
Sox21,336.0,63
Cst6,238.0,57
Comtd1,179.0,59
Lrrc29,191.0,59
Ace2,93.0,43
Rtf1,191.0,58
Krt26,209.0,59
Havcr2,145.0,45
Flg2,399.0,63
Slco2b1,295.0,62
Zdhhc1,418.0,65
Pced1a,173.0,55
Rapsn,257.0,60
Mtfr2,166.0,52
Pet2,238.0,57
Gprasp2,408.0,61
Npr2,214.0,57
Tchp,200.0,61
Lctl,170.0,58
Csnk2a1,306.0,60
Mapkbp1,509.0,67
Tnpo1,206.0,57
Marveld1,266.0,64
P2rx3,116.0,46
Foxp3,190.0,54
Lrp5,327.0,63
Egfr,305.0,62
Maml3,242.0,57
Tmem25,329.0,66
Fanca,245.0,64
Vegfa,407.0,66
Ddx60,134.0,48
Tpcn2,126.0,51
Nmrk2,106.0,39
Slitrk2,146.0,52
Igf2os,152.0,51
Gjd2,153.0,53
Fam163b,693.0,67
Cers5,143.0,46
Has3,309.0,63
Mbtps1,366.0,66
Parp3,143.0,49
Nqo1,251.0,63
Supt16,326.0,63
Cldn18,88.0,38
Pan2,239.0,57
Parp14,137.0,49
Smim13,354.0,64
Zdhhc6,278.0,60
Ltf,209.0,54
Fuom,143.0,51
Asah2,241.0,64
Gja10,222.0,63
Micall1,390.0,62
Irgm2,145.0,49
Slc31a1,150.0,51
Ptpn7,184.0,53
Rhobtb1,123.0,42
Scnn1b,187.0,52
Slfn5,87.0,39
Cnr2,161.0,51
Syt7,1227.0,65
Trim35,532.0,66
Ebf2,97.0,44
Vwa3a,143.0,45
Efcab2,212.0,57
Urm1,284.0,65
Rin2,173.0,59
Lgals8,111.0,47
Rsf1,348.0,69
Rtcb,650.0,66
Pccb,240.0,61
Agbl5,270.0,66
Pcdh19,372.0,66
Abl2,217.0,52
Tstd2,154.0,52
Tspan2,192.0,55
Grpel1,233.0,59
Scd3,216.0,58
Cbfa2t3,223.0,55
Rasgef1c,389.0,63
Actn1,775.0,68
Plxnb1,310.0,62
Fhad1,219.0,60
Clcn5,148.0,51
Tmem109,261.0,57
Entpd1,227.0,64
Hspg2,204.0,54
Lrp11,716.0,66
Whrn,252.0,61
Col9a3,225.0,60
Slc19a1,317.0,65
Ttll7,612.0,65
Uap1l1,247.0,55
Dtx4,346.0,63
Kremen1,226.0,57
Rfng,991.0,67
Tsc22d4,305.0,63
Prr5,175.0,56
Carf,256.0,59
Cldn11,775.0,58
Cdc42se2,657.0,66
Vangl2,271.0,66
Trafd1,656.0,69
Strip2,319.0,58
Col5a1,274.0,63
Phactr3,434.0,64
Ttll2,138.0,51
Ptchd1,233.0,61
Slc2a3,551.0,63
Fdxr,250.0,58
Slc13a2,155.0,52
Hoxd12,352.0,64
Lox,144.0,54
Cdc25a,171.0,54
Evpl,241.0,58
Phlpp1,343.0,63
Ccdc38,148.0,53
Map4k3,299.0,63
Rgl1,310.0,62
Tmem92,173.0,58
Ypel5,212.0,60
Fmo2,116.0,39
Rbbp5,217.0,60
Golph3,513.0,63
Nova1,148.0,49
Klhl5,396.0,66
Mpzl1,329.0,63
Kdm1a,273.0,62
Myh7,107.0,44
Acsf2,169.0,53
Hspb7,184.0,54
Bbs1,309.0,58
Pecam1,214.0,55
Nyx,178.0,55
Pot1a,229.0,60
Tgfbr1,239.0,53
Slc17a6,222.0,65
Dhx33,401.0,67
Tssk1,170.0,50
Srsf6,410.0,63
Ampd3,146.0,51
Golt1b,177.0,58
Ckap4,263.0,61
Kmt2c,215.0,56
Satb1,664.0,62
Cr2,147.0,55
Vkorc1l1,256.0,66
Hps1,272.0,60
Erlin2,291.0,61
Nkain1,337.0,66
Crebl2,232.0,63
Hao1,182.0,54
Lamc1,425.0,67
Tigd3,233.0,60
Kcne4,148.0,48
Cacna1d,287.0,64
G6pc3,232.0,58
Esrp2,192.0,61
Bid,215.0,58
Syne3,104.0,44
Jakmip1,1002.0,67
Ankrd44,190.0,53
Zbtb12,239.0,66
Thap2,144.0,52
Xkr4,206.0,57
Ncald,920.0,68
Pi16,141.0,51
Ccdc158,238.0,61
Vrtn,153.0,51
Meox2,118.0,48
Ppp1r12a,555.0,67
Gpr150,258.0,61
Umodl1,307.0,64
Rere,683.0,68
Kcns2,94.0,45
Slc27a1,395.0,65
Rnf222,137.0,49
Hspa4,345.0,62
Amacr,279.0,63
Bend7,349.0,65
Pi4k2a,468.0,67
Zcchc5,265.0,56
Tacr3,168.0,56
Rnf10,382.0,61
Coro1c,622.0,68
Mapk8,154.0,56
G6pdx,307.0,62
Rusc2,692.0,69
Psen2,340.0,65
Trim31,142.0,53
Zzef1,286.0,61
Xkr7,297.0,57
Lrrc4c,325.0,62
Tulp3,210.0,57
Cel,257.0,60
Add1,1175.0,69
Tmem231,152.0,52
Kansl2,366.0,63
Nrg3,144.0,51
Unk,237.0,59
Ogg1,197.0,55
Ky,248.0,57
Dlgap2,767.0,66
Klhl30,204.0,61
Mdm1,123.0,48
Mob3b,132.0,51
Racgap1,233.0,60
Maff,184.0,53
Peli1,289.0,64
Ubtfl1,156.0,49
Suv39h1,146.0,47
Mul1,404.0,68
Dnaja4,305.0,64
Hcfc2,265.0,59
Aldh7a1,118.0,38
Chodl,242.0,60
Brd8,196.0,56
Ptbp1,250.0,64
Guca1b,196.0,60
Bcl2l13,113.0,48
Cdca8,216.0,52
X1700073e17rik,262.0,63
Scaf1,1537.0,68
Fem1c,209.0,56
Hhatl,259.0,62
Ube2j1,326.0,63
Phkb,203.0,57
Stk11ip,321.0,63
Lysmd4,164.0,49
Mmp2,177.0,51
Setx,211.0,58
Rbm15b,591.0,64
Mchr1,232.0,54
Pappa,218.0,58
Bpifb4,164.0,51
Smyd4,246.0,57
Micalcl,149.0,46
Prcp,149.0,45
Dnajc10,260.0,64
Tll2,154.0,57
Itgb3bp,195.0,59
Fbxo32,117.0,48
Tax1bp1,387.0,67
Cblb,240.0,62
Oasl1,152.0,48
Mdm4,165.0,52
Tert,218.0,64
Stox1,136.0,51
Nrg2,269.0,60
Sema4g,213.0,52
Zfp36l3,123.0,43
Slc4a4,221.0,62
Slc25a26,220.0,54
Prickle2,539.0,64
Rhoh,234.0,60
Trak1,768.0,68
Emx2,208.0,59
Ccdc85a,352.0,65
Dip2a,369.0,67
Clns1a,402.0,65
Lyl1,183.0,53
Luzp2,199.0,52
Fam172a,113.0,43
Tmem245,175.0,52
Fchsd1,184.0,52
Elf1,123.0,45
Ttc24,165.0,53
Chtf8,517.0,67
Rcbtb2,272.0,57
Naa35,287.0,62
Fads3,256.0,60
Uvssa,211.0,51
Fdft1,363.0,67
Msh5,304.0,62
Me3,229.0,62
Gstt2,140.0,49
Tbcd,164.0,55
Dgat2l6,197.0,56
Tmem41b,143.0,49
Tbc1d31,280.0,57
Sh3rf1,325.0,65
Plcxd1,293.0,66
Psd4,205.0,62
Adora3,135.0,51
Nrip2,160.0,50
Oxsm,251.0,63
Slc22a6,205.0,56
Ubr5,227.0,58
Lpcat4,1000.0,65
Dgke,351.0,63
Fem1b,280.0,63
Plekhh3,222.0,54
Ddx59,114.0,47
Faah,460.0,64
Sec23ip,137.0,44
Clstn2,506.0,62
Smpd1,508.0,63
Foxh1,287.0,62
Sectm1a,240.0,66
Tbccd1,160.0,49
Cnst,284.0,65
Ash2l,132.0,50
Oxgr1,150.0,48
Spag17,134.0,56
Card11,189.0,56
Tmem130,755.0,67
Lipa,347.0,66
Gfpt1,359.0,66
Smug1,163.0,52
Ddx55,276.0,62
Cdc42bpg,316.0,62
Ppm1l,602.0,66
Ints12,168.0,58
Vwc2l,151.0,54
Cd3eap,321.0,59
Flt1,185.0,56
Atad3a,154.0,55
Kpna3,207.0,58
Kcnb1,430.0,65
Myo5c,204.0,61
Ddx31,162.0,51
Drc1,237.0,54
Lima1,192.0,56
Sfn,138.0,48
Dnah10,218.0,58
Acot11,291.0,66
Mtmr11,263.0,62
Prr5l,217.0,63
Zfp407,216.0,54
Mab21l2,191.0,56
Arfgef1,159.0,57
Nodal,184.0,55
Obsl1,190.0,58
Zbtb49,226.0,59
Ric8b,143.0,50
Nxf1,318.0,62
Ube3a,265.0,63
Ints7,158.0,53
Crb1,156.0,59
Uts2r,172.0,54
Hdac11,428.0,68
Nr0b1,122.0,46
Ptcd3,237.0,61
Frmd4a,166.0,48
Abcb10,267.0,62
Tnfaip8l1,173.0,55
Ubl3,958.0,71
Map3k6,254.0,59
Mnat1,149.0,54
Fbxl5,291.0,65
Rnf207,200.0,60
Fbxl8,153.0,51
Redrum,203.0,56
Vwa8,406.0,65
Dsc1,180.0,54
Mroh2b,121.0,46
Iqsec1,764.0,67
Zfp397,184.0,51
Tulp4,1018.0,69
Tnfsf18,202.0,62
Gbp7,141.0,51
Clcn1,197.0,62
Ruvbl1,498.0,62
Cyp19a1,181.0,53
Dennd4c,178.0,55
Fbxo4,129.0,45
Jph2,170.0,52
Best2,100.0,44
Anapc16,408.0,64
Zkscan1,127.0,43
Slc35f3,252.0,60
Polm,216.0,60
Fip1l1,282.0,59
Myh11,299.0,65
Slc18b1,207.0,53
Bcl3,154.0,55
Syt16,736.0,68
Sik2,347.0,64
Cttnbp2nl,304.0,61
Polrmt,449.0,64
Col10a1,159.0,55
Gja3,168.0,52
Igf1,224.0,60
Aldh1l2,173.0,49
Tubb4a,3831.0,68
Lcat,345.0,63
Asah1,221.0,65
Polr3e,217.0,58
Hoxb9,220.0,55
Pigs,534.0,66
Grk6,715.0,67
Poc1a,203.0,60
Mcu,324.0,62
Cd163l1,164.0,56
Pnpo,239.0,57
Pphln1,175.0,51
Bin1,1240.0,69
Srprb,259.0,59
Sec22c,189.0,52
Prpf4,168.0,54
Jazf1,258.0,60
Bsdc1,356.0,61
Mroh8,179.0,58
Khsrp,960.0,70
Apc,1119.0,69
Dnaic1,174.0,52
Gpr4,243.0,65
St8sia2,132.0,49
Josd1,245.0,60
Irf5,165.0,52
Toe1,243.0,60
Ezr,352.0,67
Dgki,359.0,62
Chrna3,215.0,60
Gpr132,150.0,48
Otud6b,107.0,40
Gng4,322.0,61
Lama3,159.0,56
Tubgcp5,270.0,62
Aplp2,578.0,69
Cep152,187.0,50
Dazap1,569.0,67
Mdp1,477.0,64
Slc38a3,322.0,65
Cit,696.0,65
Lemd3,260.0,65
Edc3,272.0,61
Ushbp1,205.0,60
Pzp,141.0,49
Map3k8,287.0,60
Pum2,171.0,52
Gfra1,157.0,53
Scin,143.0,52
Mad1l1,492.0,67
Sfswap,344.0,61
Mid1ip1,582.0,67
Efcab6,137.0,48
Mrrf,203.0,62
Lpin1,269.0,60
Tbc1d15,119.0,49
Nup188,301.0,60
Ednra,258.0,59
Pdgfb,261.0,61
Hpx,231.0,62
Uri1,243.0,62
Lca5l,99.0,44
Piga,143.0,48
Rbbp9,243.0,63
Nrd1,285.0,62
Wfikkn2,175.0,59
Tbx19,142.0,47
Mlxipl,136.0,46
Rev1,272.0,59
Chadl,225.0,54
Vasp,254.0,62
Cog1,372.0,64
Acad8,299.0,66
Hsf1,436.0,67
Cdh22,179.0,50
Hs3st4,618.0,65
Mex3a,276.0,63
Alx1,191.0,54
Rb1cc1,146.0,45
Arl5a,316.0,63
Npepps,389.0,64
Slc39a14,174.0,52
Il18rap,151.0,55
Wdr91,315.0,66
Cbln3,124.0,50
Snx14,198.0,57
Nomo1,184.0,55
Epha6,172.0,58
Cbln2,182.0,53
Slc19a3,120.0,45
Mdga2,144.0,52
Hoxa1,124.0,47
Zfp532,658.0,68
Olfm2,1462.0,67
Dennd5a,196.0,54
Mmp24,325.0,61
Cyb561a3,235.0,65
Uso1,437.0,66
Wnt3a,199.0,57
Naglu,247.0,57
Helz2,151.0,52
Col4a3,155.0,55
Cpt1a,361.0,68
E2f1,261.0,61
Zfp418,192.0,56
Pmel,134.0,48
Engase,291.0,61
Zfp182,175.0,56
Vps45,302.0,63
Ccdc65,311.0,61
Oasl2,237.0,60
Dagla,516.0,67
Hsf2bp,190.0,62
Stx5a,423.0,65
Dtnb,525.0,64
Kcnh2,380.0,57
Retsat,165.0,52
Traf2,155.0,53
Slc15a4,248.0,58
Smoc1,116.0,47
Pdik1l,290.0,64
Mlkl,232.0,63
Nmur1,122.0,47
Tmcc2,394.0,67
Bend3,186.0,60
Tekt2,120.0,46
Sla2,106.0,45
Padi6,161.0,58
Mfsd2b,164.0,54
Flot2,1142.0,68
Vmac,153.0,53
Vnn1,231.0,59
Elovl1,272.0,60
Fgfr1op2,264.0,63
Cast,205.0,52
Tlr6,189.0,57
Kank4,161.0,53
Srp72,111.0,41
Fam110a,136.0,50
Pomt2,190.0,52
Mroh9,108.0,44
Rnf40,318.0,62
Gapvd1,418.0,66
Pick1,355.0,61
Cnp,1148.0,64
Dlst,632.0,70
Tmed8,191.0,54
Angpt2,202.0,62
Wasf3,708.0,67
Trmt1l,172.0,55
Sars,109.0,39
Irs2,569.0,66
Slc46a1,306.0,64
Eif3d,720.0,67
Rnf34,427.0,63
Sox2,383.0,66
Syt5,1143.0,66
Agbl1,132.0,57
Nr3c1,256.0,58
Ctdsp1,213.0,60
Klc2,986.0,69
Phf3,254.0,61
Dtx3l,209.0,63
Ptpn23,524.0,66
Farsa,309.0,64
Rara,312.0,62
Dnajc22,124.0,50
Gtpbp4,174.0,56
Cotl1,898.0,68
Tnfaip8l2,235.0,64
Anln,191.0,52
Epn1,1969.0,69
Aurkb,137.0,51
Sorcs3,248.0,60
Ppme1,270.0,58
Slc25a29,259.0,58
Abhd15,179.0,47
Pign,190.0,54
Tpo,168.0,55
Map6d1,387.0,62
Galnt1,332.0,66
Zhx3,672.0,69
Syndig1l,128.0,42
Fam184a,308.0,66
Zc3h13,327.0,64
Lnpep,207.0,61
Carhsp1,193.0,57
Kif9,114.0,48
Tgm1,153.0,53
Tmc5,120.0,52
Prpf19,165.0,50
Prcc,619.0,65
Akap5,874.0,67
Il12rb2,195.0,57
Fem1a,157.0,50
Igfbp6,329.0,63
Cenpe,200.0,63
St7l,238.0,61
Ilvbl,246.0,54
Nup214,332.0,63
Svop,1342.0,67
Ribc2,133.0,52
Ncoa6,504.0,67
Zbtb43,271.0,64
Hrh4,168.0,55
Tollip,656.0,66
Lrriq1,180.0,51
Irx3,292.0,62
Gm597,199.0,55
Ablim1,338.0,61
Pdgfc,166.0,48
Rbmx2,213.0,56
Adamts17,167.0,57
Med13l,561.0,62
Spin4,265.0,64
Glb1,172.0,52
Cmtm3,272.0,61
Eif4enif1,403.0,61
Arhgap17,287.0,59
Plce1,204.0,54
Frmd5,157.0,55
Vps26b,295.0,64
Dnajb5,1375.0,67
Gpr157,245.0,62
Gabrr1,190.0,58
Col15a1,158.0,51
Usp13,216.0,56
Efr3a,234.0,55
Tnpo3,318.0,60
Gm10336,144.0,52
Cacna1c,437.0,61
L3mbtl2,298.0,66
Slc17a9,185.0,49
Tlr1,286.0,59
Smarcc2,1457.0,69
Xpnpep1,533.0,68
Syt12,283.0,62
Fli1,224.0,59
Adam9,332.0,61
Pbx3,179.0,58
Fam83e,185.0,58
Arfgap2,338.0,62
Fhod1,182.0,56
Ryr3,152.0,50
Ythdc1,287.0,60
Fam13b,337.0,65
Stk36,208.0,57
Maneal,262.0,64
Slco5a1,218.0,56
Pip5k1b,202.0,57
Pclo,880.0,65
Cep57,227.0,59
Nr2c2,493.0,64
Qpctl,301.0,64
Rabggta,279.0,66
Eri2,158.0,55
Upf3b,216.0,58
Ctps2,163.0,49
Cdh1,286.0,65
Cyb5r3,583.0,62
Gbgt1,152.0,50
Slc35e3,213.0,55
Snip1,239.0,63
Dars2,311.0,59
Clic5,141.0,49
Tcf12,218.0,61
Ppp1r37,789.0,68
Magee2,189.0,56
Dnaic2,161.0,53
Fdxacb1,341.0,61
Mpz,188.0,56
Dcaf12,330.0,67
Hpse,210.0,57
Arel1,332.0,64
B3gnt9,178.0,55
Snd1,583.0,69
Pgm2,248.0,62
Dct,159.0,56
Lyn,190.0,61
Rspry1,160.0,52
Ireb2,268.0,62
Map1s,468.0,65
Irf2bpl,946.0,68
Nkx2.3,199.0,61
Oas1b,133.0,53
Shc1,111.0,41
Echdc3,221.0,55
Polr3f,166.0,53
Zfand4,121.0,50
Kif11,132.0,51
Fmo6,175.0,59
Tg,158.0,51
Plag1,198.0,59
Tro,645.0,67
Ppp2r5a,187.0,49
Homer3,194.0,59
Col3a1,79.0,33
Ankmy2,327.0,61
Zmym1,259.0,57
Sms,239.0,58
Ralb,339.0,64
Tmem196,430.0,64
Fcgrt,318.0,63
Jak2,154.0,48
Znrf1,220.0,58
Snx25,271.0,63
Dmrta2,173.0,55
Pxdn,256.0,61
Hspb6,120.0,49
Sh3bp5,307.0,60
Sorbs3,299.0,64
Egfl6,98.0,44
Mafk,266.0,64
Galnt5,164.0,53
Rorb,226.0,55
Gtpbp2,476.0,63
Tyrp1,215.0,56
Tpd52l2,172.0,51
Trp53bp2,288.0,62
B3galnt2,167.0,55
Arvcf,259.0,57
Gorasp2,373.0,62
Vash1,454.0,63
Inpp1,280.0,63
Snx1,510.0,67
Lrrtm3,104.0,46
Rnf180,152.0,54
Plcxd3,219.0,59
Pramef8,199.0,57
Plekha3,271.0,62
Stx2,258.0,66
Dlg5,298.0,67
Clcf1,175.0,54
Sox18,241.0,63
Cdh20,309.0,64
Eapp,164.0,51
Brinp3,374.0,61
Arid3c,214.0,63
Tesk1,273.0,61
Fam124b,232.0,62
Nkd1,264.0,62
Ipo11,354.0,60
Cdc42ep1,322.0,57
Elk1,360.0,66
Gramd3,258.0,61
Dmbx1,230.0,63
Cep89,317.0,62
Tdrd5,162.0,52
Tmem106a,117.0,47
Med16,253.0,58
Trim69,214.0,54
Prox1,232.0,63
Zc3h12b,197.0,57
Diras2,1217.0,65
Tmem259,994.0,69
Ncapd2,283.0,60
Ap2b1,912.0,69
Net1,236.0,54
Sv2c,179.0,55
Dbnl,579.0,66
Spsb1,343.0,62
Nr4a2,232.0,55
Kras,305.0,63
Rassf7,145.0,51
Znhit6,279.0,60
Rsph6a,136.0,52
Tmem150a,202.0,56
Sncaip,75.0,37
Sfmbt1,237.0,62
Cep95,171.0,54
Ap3b1,225.0,61
Otud1,378.0,64
Ankrd63,135.0,53
Fam169a,242.0,55
Zfp536,308.0,63
Lingo4,162.0,54
Tcp11,158.0,52
Stard13,138.0,56
Hmgcll1,153.0,55
Ctla4,156.0,53
Kif6,161.0,54
Pla2g16,187.0,55
Trim3,931.0,68
Igdcc3,255.0,63
Senp8,169.0,53
Zfp719,142.0,52
Man1c1,300.0,63
Med26,337.0,63
Acbd4,260.0,61
Rasa3,268.0,61
Fam84a,183.0,53
Ado,187.0,62
Stox2,394.0,65
Dpy19l1,361.0,63
Wdr46,253.0,62
Trim16,132.0,51
Vac14,188.0,51
Itih2,176.0,62
Irf9,204.0,63
Tdrd3,171.0,54
Alg3,268.0,60
Snx21,464.0,62
Dpp8,260.0,59
Tctn3,181.0,54
Slc5a2,143.0,50
Bckdha,297.0,64
Ifngr2,367.0,61
Dyrk1b,639.0,68
Atp4a,269.0,60
Parp16,232.0,60
Kif26a,237.0,65
Ankrd46,853.0,69
Ascc2,182.0,55
Slc25a46,254.0,58
Bpifb6,193.0,60
Plekha6,541.0,66
Exd2,222.0,58
Usp19,503.0,66
Fam76b,135.0,47
Ccdc181,224.0,57
Ngef,2788.0,69
Cnot6,247.0,61
Wbp2,2704.0,71
Lclat1,175.0,59
Nrbp1,490.0,66
Derl2,140.0,44
Ppargc1a,152.0,45
Cdc20,286.0,63
Pah,176.0,54
Cdc25c,183.0,51
Cacng2,374.0,62
Dffb,266.0,65
Zfp84,160.0,53
Nudcd1,164.0,52
Nfrkb,194.0,58
Enpep,270.0,59
Taok3,222.0,57
Mdga1,192.0,57
Dalrd3,483.0,64
Fut9,276.0,63
Trpm6,176.0,52
Dsg3,226.0,60
Upb1,207.0,57
Kri1,520.0,67
Tshz3,618.0,69
Scyl3,261.0,62
Ptprd,365.0,63
Wnk3,221.0,63
Kpna4,315.0,63
Mtrf1l,228.0,59
Gpr3,232.0,56
Ccdc66,124.0,49
Hydin,210.0,58
Gpr160,101.0,42
Lmod1,105.0,44
Senp3,505.0,66
Zfp106,530.0,66
Adcy8,352.0,63
Arhgap20,606.0,67
Chst8,252.0,60
Ints1,602.0,68
Mttp,236.0,62
Cacna1e,651.0,63
Mesp2,142.0,52
Rrs1,307.0,63
Zfp251,344.0,64
Manba,162.0,51
Exoc1,387.0,66
Nup205,207.0,59
Slc2a13,292.0,59
Pds5a,245.0,60
Tmem241,185.0,60
Ppp2r2d,299.0,64
Rbm44,182.0,59
Tep1,221.0,55
Cage1,185.0,54
Abcd3,252.0,62
Cmas,499.0,67
Gpr158,316.0,60
Tomm40l,215.0,61
X4930529c04rik,164.0,56
Nlrc4,208.0,55
Cxcr2,106.0,47
Zc3h12c,178.0,55
Egflam,188.0,52
Dcaf12l2,134.0,47
Ubash3b,241.0,57
Tln1,365.0,65
Fjx1,348.0,66
Rai14,209.0,60
Fbxo9,845.0,69
Dhx9,347.0,64
Cenpf,130.0,46
Irf3,167.0,53
Gatad2a,162.0,50
Tmc7,186.0,59
Rhot1,122.0,47
Tox,300.0,60
Spag1,122.0,48
Crybg3,200.0,62
Fam46b,242.0,62
Etfdh,197.0,55
Bcat2,207.0,55
Mef2d,557.0,68
Gltp,167.0,46
Hexim1,324.0,66
Ptgs1,111.0,45
Gdf3,175.0,56
Islr,164.0,57
Erbb2,255.0,60
Wars2,144.0,51
Abca3,815.0,67
Ypel1,200.0,58
Kcmf1,245.0,61
Pde3b,165.0,54
Zfp715,164.0,56
R3hdm2,1446.0,67
Tbc1d9,451.0,59
Dcaf15,141.0,46
Arsj,156.0,53
Cercam,134.0,50
Prdm16,178.0,60
L3mbtl1,321.0,65
Gch1,97.0,37
Ppcdc,241.0,55
Gcgr,133.0,46
Adcy6,224.0,61
Cxxc4,263.0,61
Mycl,254.0,59
Tacc1,591.0,65
Shoc2,320.0,63
Plk5,292.0,62
Sfxn2,153.0,54
Usp22,477.0,66
Eif2ak2,159.0,55
Wee2,209.0,62
Mlph,204.0,54
Heatr6,289.0,62
Rom1,213.0,57
Rbm6,231.0,59
Nars,642.0,67
Sp9,233.0,58
Madcam1,201.0,57
Fgf5,138.0,49
Pkn1,615.0,69
Smoc2,175.0,56
L3mbtl3,136.0,46
Pnpla7,178.0,54
Mcmbp,256.0,61
Myof,216.0,65
Misp,123.0,47
Lilra5,116.0,47
Rgs2,135.0,44
Cstf2t,554.0,66
Mrs2,298.0,60
Abcg3,109.0,45
Xkr8,192.0,59
Csad,314.0,64
Mlh1,256.0,64
Timp4,217.0,61
Lct,262.0,63
Sytl1,215.0,61
Kcp,192.0,54
Cyp7a1,147.0,50
Tmem132c,183.0,54
Rnf6,513.0,66
Tbc1d25,161.0,52
Cul4a,406.0,65
Chrna4,398.0,57
Svil,344.0,59
Zfp629,204.0,51
Smcr8,331.0,62
Hepacam2,225.0,61
Gpr137c,152.0,53
Eya1,153.0,52
Mamld1,338.0,62
Cuedc2,561.0,67
Mboat1,146.0,48
Spryd3,1082.0,70
Ubqln4,464.0,64
Kctd17,1134.0,68
Myo1d,216.0,60
Sh3kbp1,116.0,48
Rest,140.0,49
Slc6a9,320.0,65
Riok3,216.0,58
Dock8,174.0,55
Cd14,181.0,55
Ergic1,689.0,67
Prkcd,239.0,61
Cnga2,156.0,49
Macc1,101.0,41
Adra2c,193.0,54
Grhl1,138.0,47
Ago2,391.0,64
Myot,226.0,55
Dclre1a,145.0,48
Sgce,160.0,57
Jup,236.0,59
Trappc8,152.0,48
Hspb8,139.0,48
Anapc4,306.0,61
Sart3,202.0,58
Abcb5,132.0,50
Zmym4,178.0,62
Fam19a1,221.0,53
Krt5,172.0,51
Ap1g2,179.0,57
Nynrin,232.0,62
Gskip,158.0,48
Slco2a1,119.0,48
Slc39a10,170.0,56
Themis2,91.0,42
Trim9,2071.0,70
Sema3d,159.0,52
Cbx7,169.0,52
Acsbg1,786.0,68
Osbp2,543.0,65
Aipl1,155.0,43
Slc52a3,186.0,57
Lix1,344.0,67
Ncaph2,520.0,68
Gpr135,282.0,62
Mroh2a,182.0,57
Tiam2,493.0,63
Xrcc6,259.0,61
Casc3,455.0,66
Dda1,476.0,68
Stx1a,1839.0,65
Mreg,160.0,49
Faf2,282.0,63
Gm10536,130.0,45
Ifi44,90.0,35
Steap2,193.0,55
Ifrd2,256.0,61
Ttll11,343.0,63
Wdr63,138.0,52
Nr6a1,117.0,43
Cyp21a1,222.0,56
Trpv3,118.0,49
Socs5,372.0,66
Ranbp6,229.0,57
Mst1,165.0,51
Gabpa,378.0,67
Creg2,280.0,60
Txk,164.0,52
Qser1,150.0,49
Slc44a5,214.0,64
Krba1,156.0,51
Six5,126.0,46
Szrd1,234.0,57
Fgf14,275.0,60
Esrrg,147.0,50
Nop14,308.0,62
Nvl,170.0,50
Fhl1,213.0,59
Pus3,263.0,65
Slc22a19,109.0,43
Ambra1,576.0,67
Fbxo30,208.0,55
Rars,351.0,61
Dynll2,3619.0,70
Cd276,181.0,56
Ppp1r3c,202.0,61
Nkx3.1,124.0,44
Gabre,111.0,42
Tmem102,218.0,57
Nrl,82.0,41
Zkscan4,170.0,57
Pml,123.0,47
Mboat7,341.0,59
Ccdc33,163.0,52
Rbms2,235.0,60
Htr1d,260.0,62
Mall,154.0,61
Usp35,305.0,59
Rbbp4,314.0,60
Per2,347.0,59
Tbx3,150.0,51
Tgfa,219.0,61
Ddc,92.0,41
Ccr10,199.0,61
Lrp1b,275.0,63
Jak3,152.0,50
Sox14,195.0,57
Rilpl2,245.0,59
Vav2,347.0,64
Galr1,136.0,50
Cmtr1,369.0,66
Smarca1,245.0,60
Nfkbiz,190.0,57
Bcl7a,766.0,67
Bdh1,273.0,62
Isl1,224.0,58
Ppat,212.0,56
Naif1,147.0,49
Vat1l,152.0,51
Chrd,340.0,66
Eif2b2,230.0,56
Piwil4,175.0,55
Psmf1,270.0,62
Kctd19,144.0,48
Il1r1,128.0,45
Pygm,206.0,61
Snrnp200,307.0,62
Rock1,260.0,62
Shmt1,239.0,65
Megf9,377.0,66
Stac,132.0,50
Zim1,192.0,56
Impa2,282.0,67
Trpv6,114.0,43
Pak2,189.0,59
Kif20b,108.0,43
Brwd3,150.0,48
Fbxo21,277.0,58
Tor3a,260.0,62
Hs3st3b1,142.0,45
Syde2,122.0,52
Lrrc2,186.0,57
Clstn1,7072.0,71
Rgp1,256.0,59
Tmem132b,814.0,69
Msantd1,118.0,49
Sympk,916.0,70
Tmem161b,217.0,59
Nolc1,390.0,63
Kcnk13,251.0,60
Akap17b,251.0,60
Sema6a,186.0,51
Chic1,182.0,56
Gipc1,1013.0,69
Dmrta1,223.0,58
Ddx20,198.0,60
Plxna2,461.0,64
Gatad1,396.0,67
Alkbh8,247.0,59
Egr3,919.0,66
Knstrn,121.0,47
Lingo1,3322.0,66
Rnasel,159.0,53
Golga1,146.0,51
Chst5,256.0,61
Ocstamp,199.0,61
Inpp5k,291.0,62
Puf60,548.0,70
Mapk6,337.0,65
Hrnr,207.0,54
Zbtb40,198.0,56
Slc35g3,158.0,50
Stom,173.0,54
Dnmbp,234.0,57
Hif1a,375.0,66
Zbtb2,236.0,59
Ankar,206.0,60
Nr1d1,1130.0,69
Bfsp2,274.0,63
Atp13a4,175.0,55
Crhbp,296.0,64
Uck1,398.0,64
Ercc4,138.0,49
Chd1l,228.0,60
Taf3,180.0,54
Plekhm1,325.0,60
Cybb,136.0,49
Setd3,814.0,69
Ptprg,181.0,50
Supt7l,266.0,60
Nova2,1018.0,67
Gigyf1,276.0,62
Map2k5,266.0,64
Reps1,262.0,63
Irak4,135.0,53
Fgf11,210.0,62
Mfng,279.0,62
Zfp57,215.0,61
Ccser2,127.0,47
Wnt5a,167.0,50
Slc24a1,149.0,50
Kcnj16,187.0,56
Slc16a14,189.0,53
Myt1,193.0,61
Ppp1r2,226.0,61
Slc36a1,260.0,61
Lrrc15,181.0,50
Tgfbr2,144.0,51
Plcd1,158.0,53
Armc3,185.0,51
Wwtr1,152.0,52
Dll4,195.0,60
Eml1,344.0,66
Zfp113,203.0,62
Zswim8,530.0,66
Fzd9,212.0,60
Slc27a3,171.0,51
Unc13a,939.0,66
Phf20l1,290.0,63
Prkd2,177.0,54
Adra1d,372.0,56
Kcnmb1,150.0,50
Gss,275.0,60
Apln,304.0,68
Ipo5,225.0,57
Dennd2d,186.0,53
Tgfb1,227.0,59
Stt3a,232.0,59
Dclk2,493.0,68
Slc44a3,140.0,50
Atg2a,446.0,65
Tacc2,446.0,63
Pnpla1,157.0,55
Nadsyn1,118.0,47
Ceacam19,205.0,56
Pwp2,118.0,44
Slc9a2,133.0,42
Cldn4,203.0,54
Ccdc102a,222.0,55
Fbxl7,120.0,42
D16ertd472e,240.0,65
Gdpd5,386.0,62
Fam171a2,927.0,67
Sprtn,242.0,60
Lep,122.0,47
Fam168b,765.0,69
Habp4,1481.0,69
Ak1,1401.0,68
Plk4,131.0,49
St3gal3,223.0,57
Wdr41,260.0,62
Zfp518a,213.0,62
Ulk1,354.0,62
Zp3r,158.0,49
Pias4,516.0,68
Fam111a,140.0,47
Ctc1,321.0,65
Cdcp1,200.0,54
Galk2,183.0,53
Etnk2,165.0,48
Tgm5,153.0,55
Ier2,525.0,66
Gas5,203.0,64
Ddx49,383.0,64
B3gntl1,88.0,36
Atg13,413.0,67
Abcb4,139.0,53
Cnga4,212.0,57
Nav3,800.0,66
Por,662.0,71
Kctd11,173.0,56
Sstr3,209.0,58
Alx4,186.0,58
Lgals3bp,162.0,54
Ccnb1,225.0,58
Zmynd11,565.0,69
Polr1b,173.0,58
Zfp444,226.0,61
Slc23a1,118.0,45
X1700025g04rik,170.0,47
Pltp,832.0,66
Limk2,251.0,62
Pde12,169.0,51
Ythdf1,449.0,65
Rhob,1598.0,70
Itgav,231.0,65
Ssh1,199.0,55
Rtp2,119.0,52
Gm6249,149.0,53
Pkn2,273.0,61
Edem3,108.0,52
Ptprq,106.0,45
Bcl2l14,112.0,41
Ak3,340.0,60
Mefv,181.0,49
Trim72,321.0,66
Flnc,223.0,60
Cd28,189.0,48
Fmod,204.0,58
Nprl3,499.0,68
Sptlc3,118.0,53
Arhgef17,507.0,66
Atn1,827.0,67
Adam17,148.0,55
Gba,260.0,61
Kcnip3,906.0,68
Trabd,282.0,64
Cmklr1,113.0,43
Stk10,187.0,52
Incenp,227.0,56
Skap1,144.0,47
Atl2,189.0,54
Ccr1,170.0,56
Cyp11a1,256.0,56
Kcnj3,209.0,51
Asxl1,314.0,65
Cyp2u1,225.0,58
Sugp1,492.0,66
Muc4,171.0,59
Tbl2,288.0,60
Trim41,437.0,68
Phf7,169.0,53
Atg7,276.0,63
Abhd8,2562.0,69
Narfl,227.0,59
Ppfia2,314.0,63
Pfkfb4,183.0,53
Aptx,310.0,62
Rimbp3,183.0,53
Sf3a2,358.0,60
Zfpm2,414.0,65
Polg,330.0,66
Ubqln3,155.0,53
Maml1,260.0,62
Usp36,223.0,60
Agpat1,1178.0,70
Bhlha15,251.0,55
Npas4,330.0,63
Limk1,577.0,62
Olfr70,181.0,59
Mpi,516.0,64
Dusp18,210.0,56
Sbno2,313.0,62
Txndc9,128.0,46
Lztr1,818.0,68
Ier5,653.0,66
Rasal2,462.0,67
Kcna2,490.0,68
Esrra,666.0,68
Kdm5a,187.0,54
Col6a4,107.0,53
Snx19,270.0,59
Ago1,184.0,52
Impdh1,589.0,65
Map2k2,229.0,60
Klhl7,274.0,60
Nicn1,498.0,68
Cyr61,251.0,53
Cd4,202.0,56
Apaf1,242.0,52
Cbl,266.0,55
Hgsnat,286.0,63
Smad5,183.0,55
Plekhg2,222.0,63
Pdk1,305.0,66
Tifab,148.0,50
Serpinh1,200.0,56
Hspa2,518.0,66
Tex15,157.0,51
Cnih3,279.0,62
Nhs,129.0,46
Nemf,229.0,60
Akap1,356.0,64
Sp5,108.0,41
Epc2,319.0,60
Raf1,443.0,68
Slamf8,93.0,37
Cntnap3,137.0,48
Cacna1f,187.0,58
Slc28a3,126.0,45
Rab15,1602.0,67
Nfkbia,475.0,69
Hcn1,375.0,65
Man1a,239.0,54
C1rl,319.0,66
Cpsf7,278.0,59
Ptpn4,240.0,60
Gpsm1,362.0,65
Actn2,204.0,54
Ticam1,212.0,61
Sfrp1,230.0,61
Kbtbd11,225.0,61
Tbx18,175.0,54
Tmem173,227.0,62
Itpkc,210.0,61
Tmem198b,322.0,66
F13a1,224.0,59
Hey2,225.0,59
Btbd17,195.0,55
Nol10,247.0,63
Gnpat,202.0,60
Wdr35,160.0,55
Mrpl11,265.0,57
Ttc9c,171.0,51
Insrr,257.0,64
Nwd1,346.0,65
Mrpl17,172.0,57
Abcg1,185.0,57
Hmox1,249.0,64
Ttc38,155.0,52
Atp11a,279.0,61
Ggnbp2,316.0,64
Med23,203.0,59
Fscn2,103.0,45
Hgs,404.0,61
Ehmt1,458.0,62
M6pr,395.0,65
Ppp1ca,1363.0,69
Usp31,634.0,66
Wbp4,222.0,57
Pigl,308.0,64
Elp3,444.0,68
Slc34a3,156.0,52
Mcrs1,228.0,56
Grwd1,166.0,52
Naa11,279.0,62
Crim1,278.0,59
Nfe2l2,210.0,54
Disc1,171.0,54
Ptprf,542.0,70
Spata31d1d,258.0,61
Jmy,379.0,64
Klf12,161.0,52
Map3k15,226.0,54
Lmf2,341.0,66
Vapb,285.0,60
Poglut1,193.0,57
Slc25a15,328.0,63
Hyou1,873.0,67
Nras,236.0,60
Zfp474,205.0,54
Mlec,264.0,60
Lrrc1,264.0,62
Zscan10,109.0,47
Gpatch8,292.0,63
Tmem260,186.0,56
Fgf10,173.0,56
Mre11a,167.0,61
Col1a1,156.0,48
Mir17hg,226.0,59
Pqlc2,220.0,54
Nedd9,199.0,54
Tap2,159.0,50
Mtmr14,301.0,63
Ddx58,265.0,59
Usp51,232.0,63
Noto,161.0,54
Osmr,159.0,52
Smpd5,171.0,56
Otud7b,111.0,52
Nubp1,250.0,57
Ppp1r3g,282.0,62
Arih1,147.0,46
Htatsf1,286.0,59
Scn1a,159.0,55
Dcaf7,756.0,67
Tnfaip3,168.0,51
Gon4l,498.0,65
Tmem175,264.0,58
Slc39a12,408.0,63
Gpr149,254.0,61
Mtmr3,524.0,64
Tlk1,324.0,64
Pik3r5,262.0,62
Col6a1,274.0,57
Syt14,148.0,50
Tbx5,90.0,39
Usp39,310.0,64
Cenpt,218.0,55
Zhx2,300.0,65
Ep400,212.0,61
Crebrf,181.0,62
Ccdc6,440.0,63
Cntnap4,173.0,56
Tbc1d9b,1150.0,69
Il6ra,160.0,55
Cobll1,149.0,52
Arhgap42,145.0,46
Pcdh12,217.0,57
Hdgfl1,133.0,47
Dhdds,441.0,66
Ripk2,181.0,53
Pcsk5,195.0,50
Qrich1,476.0,64
Kmt2d,439.0,66
Kif18a,196.0,57
Gpr88,256.0,61
Apc2,932.0,70
Lrrc8d,362.0,62
Cpeb1,244.0,60
Pcyt2,666.0,69
Alg1,166.0,49
Crbn,219.0,58
Pck1,282.0,61
Dhh,105.0,46
Cand2,261.0,60
Entpd3,186.0,54
Fer1l5,201.0,62
Rel,207.0,62
Sec14l3,136.0,48
Abcg2,182.0,57
Golm1,174.0,56
Nckipsd,367.0,63
Dhx58,118.0,44
Zfand3,300.0,60
Dnali1,194.0,63
Pp2d1,226.0,63
Mmp28,193.0,54
Lhfpl4,679.0,67
Arhgap40,115.0,44
Caln1,659.0,69
Dym,488.0,64
Krt36,200.0,59
Trib1,332.0,64
Syde1,154.0,56
Fkbp9,262.0,62
Setd5,360.0,65
Slc22a8,284.0,61
Adamts14,204.0,61
Fgd5,168.0,62
Slc25a23,2117.0,71
Vps18,291.0,59
Gm16497,147.0,49
Gmppb,358.0,67
Gas1,251.0,61
Pygo2,492.0,65
Cxcl9,67.0,34
Pkn3,292.0,65
Stxbp5,302.0,65
Kl,139.0,50
Ppara,173.0,53
Fam69a,163.0,49
Foxp4,280.0,64
Nol3,311.0,61
Tapbpl,173.0,53
Zfp362,282.0,68
N4bp2,168.0,56
Dusp11,196.0,53
Kctd16,855.0,65
Cat,530.0,66
Alpk3,151.0,51
Uhrf1bp1l,207.0,59
Dpt,225.0,60
Kif3c,2022.0,70
Coro7,360.0,63
Nek4,200.0,62
Ints5,433.0,64
Adcy5,536.0,64
Ndufs1,309.0,64
Gm20597,197.0,57
Zfp280d,176.0,55
Rc3h1,321.0,60
Fam124a,334.0,65
Ticam2,175.0,51
Shf,735.0,68
Duox1,164.0,48
Kif13a,280.0,61
Rragd,287.0,62
Rarb,192.0,55
Aoc2,242.0,62
Uhrf1,171.0,57
Tnip1,438.0,62
Ccdc17,303.0,64
Wdr62,208.0,56
Sap30bp,278.0,60
Gsdmd,116.0,51
Hemgn,132.0,53
Efcab12,243.0,59
Far1,229.0,61
Tmx3,183.0,56
Sqstm1,2645.0,70
Gpatch1,266.0,56
Gm1966,144.0,50
Rfc5,190.0,55
E4f1,259.0,60
Itga5,87.0,38
Zfp703,767.0,66
Ogfod2,270.0,60
Sgcb,285.0,62
Myo9b,284.0,62
Gpr151,173.0,59
Pank4,306.0,62
Magi2,117.0,46
Idh3a,489.0,63
Pdzrn4,236.0,57
Plch2,364.0,62
Hvcn1,158.0,55
Xbp1,585.0,66
Capn10,350.0,65
Grin3b,284.0,67
Cntn6,230.0,56
Cntrob,203.0,56
Rgs16,226.0,53
Ttc39d,289.0,65
Fbxl3,225.0,60
Ift46,399.0,67
Gna12,713.0,71
Cdh10,257.0,55
Rgs11,291.0,65
Atp13a1,229.0,60
Ssc5d,203.0,59
Nlrp1a,238.0,54
Olfr558,125.0,47
Cpt1c,531.0,65
Cutal,126.0,46
Lag3,134.0,45
Cacna2d3,397.0,62
Rnf167,501.0,68
Nln,248.0,59
Wnt7b,281.0,60
Tmem168,147.0,50
Lao1,154.0,50
Boc,435.0,64
Siglec1,221.0,61
Spdl1,172.0,61
Rnmt,259.0,60
Lmod2,231.0,58
Syt13,1400.0,68
Robo2,359.0,61
Kif20a,165.0,51
Abce1,235.0,63
Herc2,495.0,65
Metap2,214.0,58
Abcd4,163.0,51
Frs2,189.0,52
Bspry,128.0,40
Cngb3,230.0,61
Cep164,295.0,58
Fam53c,341.0,60
Ubac1,306.0,66
Snw1,515.0,69
Ptk7,319.0,65
Neurl4,526.0,63
Rbm15,349.0,68
Fut11,137.0,44
Sppl3,452.0,68
Csmd3,166.0,53
Igbp1,319.0,63
Acvr1,381.0,64
Trmt2a,235.0,61
Msc,140.0,45
Zfp266,245.0,60
Itgb1,280.0,60
Eif6,392.0,64
Ehd1,308.0,61
Ccdc88b,140.0,48
Zfp597,300.0,63
Zfp518b,248.0,58
Cdk16,1123.0,68
Cldn23,212.0,61
U2surp,140.0,51
Hrasls,128.0,47
Nptx1,927.0,65
Dnm3,390.0,65
Nmur2,185.0,58
Txnrd1,384.0,62
Brf2,420.0,64
Ets1,240.0,57
Fam102a,272.0,62
Xdh,191.0,58
Thbs4,314.0,63
Phf2,415.0,67
Lin7c,137.0,51
Cyth4,172.0,53
Cald1,181.0,52
Scnn1a,147.0,45
Nod2,92.0,38
Klhl31,127.0,47
Tnks,382.0,64
Ehd3,648.0,67
Pcolce2,110.0,45
Tlr2,147.0,52
Lancl2,521.0,66
Slc35f4,160.0,50
Prss50,153.0,46
Hkdc1,299.0,66
Pla2g4a,329.0,65
Il16,147.0,48
Map7d1,1015.0,70
Drd5,157.0,57
Tat,145.0,51
Aire,184.0,55
Extl2,220.0,57
Fam161b,254.0,61
Eif2b5,228.0,58
Fmnl1,959.0,69
Ano4,174.0,51
Gid8,285.0,62
Iqck,296.0,61
Dnajc11,439.0,67
Itpripl2,321.0,64
Slc15a5,116.0,38
Zfp26,225.0,58
Vps39,349.0,68
Gpr179,129.0,48
Cdk14,256.0,56
Abhd16a,601.0,67
Scg3,953.0,70
Mical1,326.0,66
Vav1,151.0,51
Zer1,783.0,66
Klf14,138.0,51
Rap1gap2,1309.0,68
Cldn2,149.0,52
Hic2,153.0,53
Ttc26,242.0,63
Gja8,195.0,58
Rtbdn,182.0,55
St8sia5,265.0,64
Ncf2,269.0,65
Proser1,240.0,58
Rasgrp2,335.0,64
Emc3,435.0,67
Usp11,643.0,66
Enox2,104.0,44
Slc1a7,286.0,62
Krt20,172.0,57
Fndc3c1,113.0,40
Ttc8,156.0,52
Angpt1,242.0,59
Ndufaf5,209.0,64
Zbtb48,263.0,62
Zfp462,236.0,56
Slc20a2,228.0,57
Zswim4,273.0,61
Atp2a1,149.0,51
Scrn1,490.0,68
Pdcl,258.0,62
Pknox2,512.0,65
Nufip2,205.0,58
Sufu,233.0,60
Igfbp4,1249.0,66
Akap2,341.0,63
Tpcn1,318.0,65
Mtdh,329.0,64
Arl4d,446.0,62
Dnm1l,360.0,62
Cgn,175.0,53
Cbfa2t2,224.0,55
Gm5069,153.0,49
Ctns,239.0,59
Dpysl5,371.0,59
Acsl6,1149.0,71
Card14,166.0,53
Cog3,306.0,64
Slc4a9,167.0,56
Barhl1,184.0,52
Nxpe3,139.0,54
Kdr,98.0,44
Pik3c2a,142.0,55
Mast1,1292.0,68
Rbm10,372.0,63
Skida1,224.0,58
Gdpd4,274.0,65
Mthfd1,196.0,61
Gigyf2,275.0,58
Bcas3,240.0,58
Sepsecs,195.0,55
Plxdc1,305.0,59
Pan3,230.0,54
Mamdc2,164.0,55
Mier1,199.0,60
Bptf,451.0,66
Acsm3,184.0,55
Cd86,206.0,60
Alg9,119.0,43
Setd6,219.0,57
Stxbp5l,299.0,59
Mmp14,186.0,57
Zfp236,243.0,58
Lpar5,360.0,64
Hapln2,252.0,62
Dusp4,202.0,56
Sipa1l3,427.0,66
Ido2,104.0,42
Mrpl49,332.0,64
Ext1,420.0,65
Eif2d,302.0,66
Arl8b,302.0,58
Tfap2c,156.0,52
Chek1,141.0,51
Vipas39,223.0,57
D830046c22rik,251.0,65
Mtmr12,282.0,57
Nsun2,189.0,58
Tmem198,829.0,65
Mknk2,370.0,64
Optn,247.0,63
Tcn2,200.0,58
Uhrf1bp1,390.0,64
Oprk1,243.0,60
Prkar2b,261.0,63
Fzd5,169.0,58
Tnf,182.0,58
Nrp2,175.0,55
Nrk,300.0,65
Zfp488,118.0,42
Prpf3,171.0,54
Ptcd1,379.0,65
Zfr2,609.0,65
Csrnp3,295.0,64
Kcnmb2,174.0,56
Ogfod1,293.0,61
Ccdc36,131.0,50
Dgkd,422.0,65
Inhbb,182.0,55
Pacsin1,1957.0,69
Pctp,202.0,54
Fezf2,326.0,61
Prkcsh,494.0,65
Smg9,394.0,60
Prkdc,257.0,65
Ccnj,152.0,50
Fktn,267.0,63
Myod1,164.0,56
Mmel1,201.0,55
Serpinf1,192.0,61
Gak,627.0,66
Gorab,190.0,59
Actn4,604.0,70
Slco3a1,252.0,63
Grb10,265.0,62
Pms1,134.0,47
Donson,144.0,53
Mypn,241.0,62
Zzz3,212.0,56
Setd1a,279.0,61
Bco2,133.0,53
Rab2b,203.0,59
Slc4a5,104.0,41
Ackr4,153.0,59
Steap3,227.0,58
Lamp3,104.0,42
Stx16,317.0,61
Mgat3,669.0,67
Lats1,135.0,48
Lias,180.0,62
Antxr1,226.0,56
Kcnh6,275.0,59
Hps5,215.0,63
Glb1l,125.0,49
Hs3st5,213.0,57
Fgd4,208.0,57
Bloc1s6,285.0,61
Det1,120.0,48
Naa16,165.0,52
Rnf146,412.0,65
Ankrd34b,280.0,60
Usp54,224.0,57
Qsox1,390.0,62
Pcdh20,226.0,60
Nudt18,246.0,58
Zcchc24,447.0,65
Slc25a51,303.0,61
Sh2d4a,121.0,46
Oas1c,177.0,53
Dock7,290.0,59
Cps1,150.0,54
Fam222a,186.0,54
Myo7a,178.0,56
Ptprm,264.0,60
Sesn1,256.0,61
Zfp831,303.0,63
Gosr1,232.0,57
Mbnl1,345.0,63
Mef2a,236.0,59
Ptpn1,184.0,56
Eif4g1,905.0,69
Rnf144b,159.0,58
Adam21,85.0,40
Tgfb3,198.0,56
Ctu1,175.0,56
Rabif,268.0,64
Chsy1,149.0,51
Ifnar1,286.0,63
Cebpd,122.0,45
Itih5,256.0,57
Paqr4,759.0,70
Plekha2,157.0,52
Il1rapl1,184.0,53
Wdr43,266.0,63
Cry1,263.0,60
Arhgef28,229.0,60
Gipr,177.0,55
Ddx47,227.0,56
Slc35g1,112.0,41
Skiv2l2,218.0,58
Ap3b2,676.0,64
Adam1a,253.0,59
Pbrm1,134.0,50
Nhsl2,359.0,65
Atp10d,201.0,58
Htr6,281.0,60
Tfap2a,111.0,39
Col8a2,166.0,56
Wif1,256.0,64
Pde7b,152.0,49
Chst10,305.0,58
Pi4kb,328.0,63
Mkrn3,274.0,65
Gnl3l,402.0,65
Eya2,192.0,54
Rnf114,324.0,64
Gpatch4,347.0,58
Xylt1,625.0,67
Pax2,131.0,46
Polr3h,228.0,56
Map3k14,196.0,55
Htr1a,246.0,53
Eps15l1,473.0,64
Tspyl5,460.0,65
Arrb1,680.0,66
Ankrd24,187.0,54
Mrpl10,433.0,68
Dnajb12,494.0,69
Vcl,338.0,61
Spns2,358.0,61
Agtrap,286.0,60
Adamtsl2,245.0,55
Uevld,231.0,63
Fgf23,153.0,50
Sspo,210.0,59
Dennd6b,125.0,48
Nr2c1,219.0,60
Plau,217.0,60
Rps6ka1,266.0,64
Setbp1,447.0,64
Scamp3,540.0,70
Rccd1,182.0,56
Relb,239.0,56
Rcn1,146.0,54
Rgs14,317.0,57
Fzr1,252.0,61
Hic1,278.0,61
Slc9a5,215.0,50
Cdkl4,135.0,54
Arid4a,300.0,62
Pgbd1,223.0,59
Nup85,355.0,64
Bcorl1,308.0,61
Atp13a5,178.0,59
Gpam,404.0,68
Mycbpap,172.0,54
Nrsn1,1705.0,70
Nans,191.0,52
Gm10494,183.0,56
Tmem145,446.0,63
Snx8,256.0,60
Exoc6,247.0,63
Armc9,254.0,61
Wt1,155.0,54
Gm4922,197.0,57
Leng9,204.0,60
Slc22a12,124.0,50
Otx2,198.0,56
Tmem161a,299.0,64
Mgam,232.0,64
Mcm4,246.0,61
Zcwpw1,377.0,64
Kctd2,754.0,68
Atr,311.0,63
Pcm1,258.0,61
Palm3,268.0,62
Cd320,276.0,60
Aldob,174.0,54
Bub3,353.0,65
Snx27,323.0,63
Lrrc20,328.0,60
Ifit1,146.0,46
Enpp5,356.0,59
Mlc1,539.0,69
Nfe2l3,179.0,54
Gk2,180.0,56
Pm20d1,156.0,50
Kctd20,260.0,60
Polr3g,179.0,59
Tsku,254.0,62
Arf6,294.0,61
Shprh,329.0,63
Ccdc89,107.0,37
Olfr78,197.0,63
Cdk5,503.0,62
Pou2af1,209.0,55
Gng3,474.0,64
Liph,230.0,62
B3gnt3,197.0,56
Jakmip3,289.0,61
Ppm1m,142.0,49
Msantd4,221.0,63
Fstl4,365.0,57
Sav1,311.0,64
Col6a6,332.0,68
Arid5a,165.0,56
Foxd3,188.0,52
Zmiz1,749.0,68
Ccdc129,190.0,56
Slc46a2,167.0,53
Rragc,341.0,67
Pcsk4,150.0,49
Tigd4,243.0,61
Pirt,139.0,47
Ptprr,184.0,52
Lars,271.0,60
Pnpla8,265.0,61
Ypel2,339.0,63
Dgat1,185.0,52
Arcn1,501.0,69
Spin1,274.0,62
Adam19,183.0,53
Zfx,139.0,51
Gdpd1,295.0,63
Trmt10b,150.0,50
Oplah,276.0,60
Spata31d1b,257.0,61
Naaladl1,220.0,61
Greb1l,128.0,46
Pkd1l3,182.0,53
Sesn2,267.0,61
Bhlhe23,304.0,65
Vit,212.0,55
Gja1,860.0,70
Fam83h,222.0,61
Itgbl1,165.0,58
Aldh6a1,334.0,61
Gas2l3,218.0,61
Pxk,154.0,52
Ccnjl,117.0,48
Cd2ap,156.0,53
Rxrb,731.0,69
Stag1,144.0,53
Ccnt2,422.0,67
Sec31a,329.0,61
Eda,195.0,52
Thbs1,364.0,65
Pxdc1,227.0,57
Arntl,298.0,63
Htr2a,203.0,60
Fbn2,167.0,50
Sardh,305.0,63
Garnl3,759.0,63
Sis,120.0,46
Pax6,194.0,58
Trip12,456.0,67
Col4a1,333.0,65
Map4k2,230.0,60
Tut1,229.0,59
Baz2b,197.0,58
Fgd3,220.0,60
Ano3,209.0,54
Ankrd13b,403.0,66
Ankrd13d,427.0,63
Klhl29,365.0,61
Rbl2,187.0,53
Klhl12,180.0,53
Nhlrc1,222.0,57
Strc,143.0,50
Kremen2,175.0,53
Tmem63b,520.0,66
Rps6ka4,244.0,56
Kcnj9,570.0,60
Tmem87a,212.0,54
Bod1l,242.0,54
Lrrc45,313.0,60
Dnajc27,315.0,59
Tmem50b,317.0,58
Fnbp1l,332.0,62
Adipor2,182.0,58
Dmtn,1331.0,67
Foxj1,168.0,50
Card6,136.0,49
Gpr156,173.0,50
Wdsub1,276.0,65
Copg2,284.0,62
Arid3b,306.0,64
Maoa,221.0,59
Dkk1,159.0,51
Gm6815,163.0,54
Clk2,273.0,64
Nr5a1,237.0,55
Man2b2,371.0,64
Bmp1,279.0,63
Eif4e,200.0,57
Dyrk2,621.0,67
Pip4k2c,653.0,68
Sec23a,324.0,61
Tmem167,169.0,55
Tnks1bp1,542.0,61
Srgap3,795.0,66
Tubgcp2,394.0,62
Abi3,261.0,64
Hipk4,170.0,57
Dck,135.0,47
Bnip3l,226.0,65
Nlrp12,206.0,53
Angpt4,172.0,61
Dll3,176.0,55
Sphkap,624.0,64
Gpnmb,110.0,42
Ide,369.0,63
Otub2,181.0,52
Sost,177.0,53
Gcfc2,203.0,58
Trpv4,191.0,58
Filip1,246.0,62
Igsf8,1396.0,68
Rec8,172.0,52
Phyhipl,922.0,69
Gbe1,260.0,65
Ugdh,301.0,62
Chid1,270.0,57
Card10,228.0,56
Pnn,406.0,67
Napepld,193.0,59
Thada,276.0,65
Wwc2,394.0,68
Stx11,203.0,51
Ptrh2,241.0,61
Erg,221.0,55
Hdac6,354.0,62
Itpr2,235.0,60
Slc38a1,273.0,61
Fam155a,257.0,60
Esco1,559.0,66
Akap13,183.0,61
Mon1a,258.0,59
Kat8,282.0,66
Prss8,227.0,59
B3galt5,120.0,47
Tmub2,477.0,67
Mybl1,136.0,49
Madd,1125.0,67
Kat7,319.0,65
Spen,498.0,66
Pmm2,283.0,62
Mrc2,257.0,61
Sync,154.0,52
Mcm6,214.0,60
Qtrt1,232.0,59
Hif3a,220.0,64
Esrp1,165.0,55
Tirap,274.0,63
Sema3a,115.0,47
Rpgrip1,149.0,53
Gata6,172.0,54
Gzf1,180.0,50
Dnttip2,312.0,65
Mmp19,204.0,61
Anks6,274.0,62
Dmrt1,228.0,63
B4galt5,281.0,63
Fga,138.0,52
E2f8,236.0,60
Cadm3,1931.0,66
Nlgn1,267.0,55
Cend1,2416.0,69
Shroom1,176.0,59
Urgcp,362.0,65
Tmem184c,196.0,54
Pik3r2,1199.0,70
Map3k1,219.0,57
Sh3tc1,159.0,50
Cpeb3,428.0,67
Ppp1r7,299.0,63
Mtfr1,241.0,58
Mex3c,156.0,48
Bcat1,156.0,51
X9330102e08rik,192.0,57
Aqp9,291.0,66
Zfp36,115.0,48
Tbc1d32,147.0,51
Kdelc1,156.0,53
Csf1r,352.0,61
Edn3,166.0,52
Agpat5,205.0,61
Dmrtb1,175.0,59
Gm7134,152.0,60
Ccp110,243.0,62
Ammecr1l,280.0,62
Vgf,2274.0,67
Tenm3,242.0,57
Strn,326.0,63
Rcsd1,178.0,56
Accsl,237.0,64
Cenpc1,174.0,56
Scrn3,249.0,61
Gcdh,403.0,64
Foxm1,187.0,52
Trmt61a,321.0,66
Cyp11b1,348.0,68
Icam5,1262.0,66
Slc30a1,127.0,44
Mlx,195.0,62
Pibf1,283.0,58
Iglon5,705.0,67
Tmem88b,282.0,51
Slc35a4,253.0,59
Appl1,233.0,61
Cacna1s,170.0,54
Cped1,268.0,63
Hrk,241.0,53
Bag3,147.0,50
Bri3bp,299.0,66
Slc26a3,130.0,54
Rimklb,141.0,50
Tspan11,200.0,53
Rrnad1,157.0,55
Pax7,235.0,58
Ccdc51,172.0,57
Epor,217.0,58
Man1a2,400.0,64
X9430018g01rik,82.0,36
Hadh,193.0,59
Zmynd15,177.0,54
Cyb5b,380.0,63
Abhd4,299.0,64
Mogat2,133.0,54
Doc2a,789.0,67
Synrg,283.0,59
Ajap1,423.0,59
Cpne4,299.0,57
Vps13d,451.0,66
Coil,314.0,65
Tmem39a,205.0,57
Tnni3k,109.0,47
Ccdc155,317.0,63
Ube2l3,319.0,67
F2rl3,205.0,54
Sun1,620.0,65
Krr1,231.0,60
Stx12,377.0,60
Zbtb16,537.0,68
Msrb3,185.0,57
Setd7,687.0,69
Nrbf2,318.0,63
Zpbp,249.0,63
Snx30,276.0,59
Myh3,221.0,54
Lmbr1,159.0,51
Diexf,206.0,57
Notch2,117.0,50
Actl10,132.0,50
Rgr,152.0,52
Thsd7a,140.0,46
Sar1a,315.0,62
Las1l,140.0,49
X1700042g15rik,153.0,52
Nle1,214.0,60
Alg11,168.0,54
Pkp3,118.0,48
Gpt,308.0,64
Slc9a4,200.0,52
Samm50,763.0,70
Dph2,151.0,48
Atp2c2,120.0,48
Creb3l2,302.0,63
Tmem38b,191.0,58
Trappc11,300.0,66
Usp45,298.0,64
Mas1,151.0,45
Tmem98,206.0,53
Taf6,297.0,65
Fam196a,273.0,59
Stat5b,196.0,56
Hoxd9,180.0,53
Rprd1a,282.0,60
Cdyl,216.0,60
Cdh6,224.0,62
Edil3,263.0,60
Dhcr7,533.0,69
Dync1li2,508.0,66
Lrrc8c,208.0,53
Rbpjl,137.0,44
Pip4k2b,579.0,66
Tomm70a,221.0,60
Nsl1,114.0,53
Reln,268.0,61
Exoc2,202.0,61
Sdad1,188.0,57
Grm2,828.0,57
Cdc42bpb,744.0,67
Nkiras2,203.0,55
Lgr4,242.0,58
Tmem110,356.0,62
Clptm1l,495.0,67
Sema6c,337.0,61
Tmem181b.ps,772.0,66
Icos,174.0,57
Xirp2,251.0,63
Sco1,271.0,62
Loxhd1,110.0,44
Nipa2,112.0,41
Glb1l2,169.0,52
Trim21,162.0,50
Lynx1,2525.0,69
Plk1,129.0,46
Fitm2,483.0,67
Fbxo28,214.0,57
Gspt1,159.0,48
Nsd1,493.0,68
Myo15,97.0,46
Crb2,238.0,58
Kcns1,233.0,51
Pear1,214.0,63
Tusc5,139.0,55
Acox1,363.0,66
Efnb2,336.0,63
Folr1,259.0,61
Chtf18,224.0,60
Pgm3,192.0,58
Fancd2,189.0,54
Thbs2,148.0,53
Lig4,210.0,64
Islr2,596.0,59
Sorcs1,356.0,62
Wwc1,802.0,68
Pdia3,285.0,65
Cep135,245.0,57
Tcaim,220.0,59
Fam212b,153.0,54
Tmc3,198.0,59
Dctn1,2755.0,71
Aldh1a2,183.0,56
Cish,167.0,49
Col9a2,291.0,61
Zkscan5,236.0,59
Lpcat2b,152.0,51
Cluh,441.0,65
Tacr1,122.0,46
Simc1,119.0,43
Dscam,531.0,68
Skiv2l,521.0,63
Flrt2,288.0,65
Lpcat1,404.0,65
Kcnj12,269.0,63
Usp20,355.0,65
Foxb1,129.0,44
Aatf,348.0,64
Ikbkap,389.0,63
Fbxl2,380.0,64
Gpr107,308.0,62
Cyp2b19,211.0,61
Clec16a,570.0,66
Vps11,356.0,66
Ccdc71l,127.0,44
Ulk2,272.0,68
Gdpgp1,138.0,51
Gnal,447.0,65
Ascc3,162.0,51
Plekhh2,221.0,60
Kcnj5,372.0,60
Aifm3,232.0,62
Bnip2,240.0,59
Aars,537.0,68
Ccm2,457.0,66
Slc4a2,191.0,56
Pde4a,698.0,65
Kank3,372.0,61
Foxk2,567.0,67
Nhlh1,209.0,59
Zfp551,148.0,48
Nipal2,172.0,56
Sdr9c7,167.0,52
Esrrb,190.0,56
Zc2hc1a,271.0,61
Hectd3,343.0,67
Olfml3,245.0,63
Ptgs2,169.0,53
Phf6,253.0,62
Pkia,472.0,66
Kctd3,325.0,63
Letm2,94.0,43
Ppp2ca,299.0,63
E030019b13rik,237.0,64
Fam19a4,177.0,55
Foxs1,147.0,47
Slc26a9,116.0,43
Mrgpre,236.0,66
Copb2,285.0,61
Nfe2,223.0,60
Nrbp2,418.0,65
Cdc23,202.0,59
Lpar1,326.0,62
Best3,158.0,51
Zfp521,131.0,52
P2rx6,257.0,62
Pold1,255.0,57
Rassf3,193.0,58
Zc3h6,158.0,56
Sema4a,237.0,54
Neb,193.0,58
Klhl41,205.0,55
Col6a3,133.0,47
Dtx1,469.0,61
Lmbr1l,243.0,62
Wdr48,146.0,49
Lhx5,136.0,47
Dppa2,139.0,52
Acadsb,243.0,56
Vrk3,171.0,60
Cytip,113.0,46
Adam18,141.0,50
Pdzd8,212.0,52
Gtf2i,516.0,66
Mark2,605.0,66
Mtf1,242.0,58
Prickle1,529.0,64
Zfp526,217.0,58
Gfpt2,210.0,56
Tspyl1,1164.0,68
Zfp821,459.0,65
Ttc29,152.0,51
Atf6b,775.0,70
Reep6,311.0,62
Cd5,134.0,49
P2rx1,213.0,60
Cux2,629.0,61
Myo7b,181.0,56
Klf8,260.0,63
Impad1,257.0,62
Ccdc61,138.0,49
Dhrs7b,268.0,61
Slc30a2,197.0,59
Cul3,215.0,62
Arf2,309.0,65
Tfeb,245.0,62
Metap1,292.0,60
Rc3h2,288.0,64
Col18a1,132.0,49
B3gat3,269.0,62
Ccdc177,268.0,62
Zfp292,115.0,44
Eppk1,212.0,58
Sybu,354.0,62
Rai1,383.0,67
Camsap2,548.0,66
Ccdc151,156.0,51
Stk32a,119.0,46
Lrrc41,237.0,63
Arhgap36,143.0,51
Sergef,347.0,63
Spred3,350.0,64
Ccdc15,193.0,52
Imp4,280.0,61
Lhfp,418.0,67
Tmem123,262.0,65
Gclc,296.0,63
Chst11,309.0,64
Lrrc56,159.0,54
Calcrl,157.0,52
Rpp14,212.0,59
Arhgap33,583.0,69
Tbx4,202.0,60
Arid5b,262.0,58
F2r,188.0,58
Ube2ql1,1106.0,67
Hsd11b2,156.0,54
Tmem186,271.0,63
Fmn2,667.0,68
Mtf2,166.0,56
Mepce,434.0,66
Polr2b,368.0,67
Alox12,138.0,43
Bivm,311.0,60
Git2,291.0,62
Ctsk,244.0,62
Pitpnc1,233.0,55
Grid1,266.0,61
Chrm4,630.0,66
P2rx5,144.0,49
Rusc1,1637.0,66
Mkln1,169.0,56
Magi1,543.0,63
Icam1,175.0,54
Fam81a,945.0,66
Gdf11,172.0,51
Palld,210.0,55
Osgep,248.0,63
Sec14l5,260.0,62
Mc4r,194.0,64
Picalm,322.0,61
Kdm4b,478.0,69
Astn1,592.0,67
Slc48a1,957.0,69
Stat1,149.0,47
Myrip,533.0,65
Armc6,343.0,59
Herc3,508.0,66
Setd1b,819.0,68
Slc6a18,184.0,58
Thoc1,189.0,53
Pgk2,110.0,38
Spon1,295.0,63
Stk40,368.0,63
Cdk12,370.0,64
Slc2a1,564.0,68
Ebpl,163.0,51
Elovl4,338.0,62
X4933424g05rik,180.0,59
Pcmtd2,428.0,63
Hs6st1,388.0,66
Mafb,359.0,63
Pde6b,180.0,59
Ltbr,209.0,58
Cdh8,240.0,57
Olfr613,100.0,39
Csmd2,203.0,55
Safb,817.0,70
Htt,382.0,63
Slc45a4,300.0,56
Stard4,214.0,58
Pla2g3,99.0,47
Map3k5,388.0,63
Dpp3,462.0,63
Dsc3,188.0,56
Spata6,120.0,47
Dact3,361.0,63
Zfp157,196.0,56
Cstf1,237.0,56
Ankrd36,212.0,58
Galk1,336.0,67
Pla2g2c,131.0,47
Tnfrsf1a,184.0,55
Hist2h2be,138.0,46
Pten,199.0,58
Kcnk18,176.0,52
Scyl2,359.0,66
Prkar2a,275.0,61
Fgd6,187.0,52
Slc38a5,223.0,58
Hbp1,167.0,50
Hepacam,285.0,64
Ppp2r5d,547.0,67
Xcr1,195.0,56
Slc25a22,1150.0,66
Zwilch,139.0,50
Fam69c,199.0,65
Serinc3,265.0,62
Adam28,159.0,50
Slc25a47,178.0,55
Hlcs,165.0,51
Cysltr1,181.0,55
Heg1,297.0,60
Papln,245.0,60
Eepd1,191.0,53
Nadk,396.0,66
Sntb2,163.0,53
Aicda,139.0,50
Pdxdc1,354.0,62
Nfil3,290.0,65
Alox8,225.0,61
Pgm5,128.0,56
Fam83c,146.0,49
Nap1l2,483.0,64
Fbxw11,389.0,61
Rgmb,677.0,66
Tti1,218.0,59
Rab11fip3,637.0,65
Acsbg2,221.0,60
Actbl2,99.0,40
Tlr11,220.0,57
Pcsk1,277.0,56
Mvb12b,652.0,69
Rfx3,144.0,51
Slc4a10,297.0,64
Lbh,469.0,67
Prdm14,254.0,62
Ppm1g,686.0,67
Rit1,329.0,62
Irs4,150.0,53
Synpo2,184.0,52
Pdk4,156.0,57
Tbc1d14,355.0,66
Abcg4,460.0,63
Slc22a2,178.0,54
Gp1ba,214.0,59
Ubac2,310.0,62
Tarsl2,199.0,52
Pef1,699.0,65
Fnip2,279.0,65
Plscr4,132.0,43
Tmem44,314.0,65
Ccne1,341.0,65
Cggbp1,199.0,53
Nox1,174.0,50
Stx17,256.0,60
Nyap1,572.0,65
Tnpo2,532.0,64
Cyb5r1,238.0,55
Clspn,157.0,59
Foxred2,228.0,55
Zcchc2,282.0,63
Cherp,389.0,66
Mgat1,204.0,56
Kcnt2,204.0,49
Srpk2,315.0,64
Dusp1,335.0,59
Sec24c,371.0,63
Tapt1,201.0,54
Tnfsf15,163.0,58
B4galt7,272.0,63
Fam83d,120.0,45
Slc12a4,287.0,65
Eng,425.0,69
Igsf21,1478.0,68
Arhgap28,201.0,56
Rab8b,182.0,52
Mamstr,219.0,58
Mprip,2102.0,70
Aass,234.0,57
Hk2,207.0,62
Rxfp2,266.0,63
Eif2s3x,179.0,56
Nrm,185.0,53
Fut4,225.0,56
Bin2,238.0,62
Paqr8,530.0,69
Thpo,288.0,56
Sppl2c,224.0,61
Cyp24a1,215.0,62
Asphd2,952.0,69
Bora,190.0,54
Zfp42,124.0,52
Ogdhl,873.0,65
Cnksr3,196.0,55
Cep72,198.0,62
Fam167a,214.0,58
Kcne1,124.0,50
Il1rapl2,274.0,63
St3gal5,929.0,69
Snrk,437.0,67
Th,165.0,50
Ap1m1,557.0,64
Wdr13,966.0,68
Ror2,136.0,46
Ppfia3,1069.0,68
Gsx1,272.0,62
Trerf1,406.0,65
Hdlbp,454.0,68
Btbd19,140.0,53
Mmp11,202.0,52
Tmem222,437.0,64
Rps6ka3,249.0,59
Fam20b,177.0,58
Abcg8,261.0,57
X4930511e03rik,94.0,40
Helb,213.0,62
Mcam,273.0,65
Prpf4b,296.0,64
Eif2ak4,278.0,60
Mgat4a,201.0,63
Rab11fip2,198.0,55
Dhcr24,871.0,67
Ceacam18,188.0,60
Papola,190.0,55
Ccdc88c,193.0,56
Cog5,268.0,59
Noc4l,290.0,61
Apold1,160.0,51
Lefty2,146.0,46
Ttc37,255.0,64
Cacna2d4,152.0,52
Desi1,654.0,69
Fgfr4,162.0,52
Tspan10,155.0,55
Cd248,263.0,61
Sema5b,263.0,62
Ick,170.0,51
Onecut3,219.0,57
Arnt,145.0,54
Trim10,104.0,45
Oaz2,808.0,69
Plekha8,137.0,51
C430049b03rik,229.0,57
Lrp10,266.0,66
Zfp296,350.0,66
Layn,261.0,61
Actr3b,225.0,57
Map2k4,400.0,65
Snx22,142.0,49
Galnt12,202.0,56
E2f2,204.0,62
Gm853,175.0,56
Lpcat3,191.0,55
Bcar3,279.0,63
Oit3,183.0,54
Rngtt,227.0,59
Ptk6,111.0,47
Syt2,263.0,65
Ei24,281.0,64
Gli3,167.0,56
Polr3a,248.0,62
Rpgrip1l,268.0,61
Tmem232,117.0,49
Lpcat2,214.0,60
Enox1,236.0,56
Kcna7,146.0,52
Xrn2,314.0,66
Clic6,164.0,53
Mocos,135.0,50
Paqr7,508.0,65
Fam107a,892.0,71
Xrcc5,194.0,61
Cobl,338.0,63
Hook2,253.0,64
Dnah6,208.0,59
Nrip1,305.0,63
Hsd17b7,203.0,55
Plekhs1,318.0,65
Wars,369.0,63
Lime1,257.0,59
Ahctf1,250.0,58
Tm4sf1,110.0,43
Itgb4,248.0,62
Ttll4,207.0,57
Epha2,185.0,54
Lrrc46,134.0,47
Hcn4,88.0,37
Ltbp2,253.0,55
R3hcc1,416.0,62
Gm4759,189.0,56
Neurog2,219.0,59
Pkd2l1,187.0,56
Usp34,182.0,55
Podxl,183.0,54
Dusp8,611.0,66
Srpx2,163.0,56
Uhrf2,352.0,68
Rmi2,92.0,40
Cd244,198.0,63
Plekhd1,119.0,49
Cxcr6,129.0,43
Pnrc2,211.0,61
Sbf1,443.0,65
Gm960,122.0,44
Prx,254.0,66
Dmap1,529.0,65
Oxtr,210.0,57
Ttc21a,200.0,55
Farp1,314.0,68
Ddx10,206.0,53
Pced1b,282.0,60
Cadps,701.0,68
Aasdh,133.0,45
Chst7,258.0,61
Pcnt,212.0,55
Lipc,239.0,57
Aqp6,250.0,57
Cachd1,125.0,45
Kif22,146.0,53
Enpp3,260.0,59
Kcnh1,335.0,68
Myo1b,211.0,58
Dus1l,475.0,64
Gpr84,174.0,51
Has1,269.0,65
Mfsd3,198.0,59
Frem2,356.0,64
Mthfd1l,180.0,54
Tgm4,105.0,47
Fbxl17,206.0,60
Asns,304.0,58
Brd2,519.0,67
Bcas1,691.0,66
Sema6b,725.0,70
Wnt2b,190.0,51
Fbxl21,237.0,61
Tceanc2,150.0,48
Adamts7,158.0,51
F8a,495.0,68
Fat1,221.0,57
Rbm26,388.0,66
Nxpe5,151.0,55
Zfp282,212.0,62
Neurog1,99.0,43
Hmces,313.0,58
Mettl16,280.0,65
Dnajb2,559.0,68
Tanc1,219.0,61
Clip2,1712.0,70
Mto1,204.0,53
Sall1,194.0,58
Unc13d,342.0,61
Piwil2,130.0,49
Adora2a,156.0,55
Lyst,220.0,55
Prex1,823.0,68
Pitpnm1,582.0,68
Ern1,155.0,57
Eef2k,244.0,57
Traf5,210.0,54
Klhl4,134.0,46
Zfp341,262.0,64
Lasp1,722.0,69
Samd11,125.0,49
Fam129b,298.0,64
Cntn4,246.0,59
Itga8,163.0,53
Cmtm6,295.0,61
A1cf,195.0,61
Eif2b4,433.0,64
Prkag3,246.0,58
Rab32,148.0,52
Ano9,221.0,63
Dsel,192.0,58
Tmem65,189.0,53
Pcdh9,321.0,59
Ube4a,329.0,65
Otud3,477.0,66
Mdfic,146.0,49
Rnf31,175.0,51
Sh3tc2,348.0,63
Gm2518,130.0,49
Orc2,220.0,61
Fbrs,469.0,65
Ibtk,168.0,57
Maf1,506.0,66
Dgka,186.0,59
P2ry14,105.0,45
Sqle,422.0,64
Eif4b,704.0,68
Maged2,260.0,62
Tpra1,442.0,61
Saa4,146.0,49
Trub2,260.0,55
Lhx8,214.0,58
Itga9,111.0,48
Kif18b,127.0,44
Bap1,661.0,67
Arhgef10l,367.0,65
Cyp4v3,222.0,61
Gpr153,316.0,62
Adm,261.0,64
Samd10,322.0,62
Usf2,333.0,61
Fgf17,240.0,63
Zfp219,296.0,61
Rnf43,139.0,46
Phex,115.0,43
Aaas,169.0,51
Slc45a2,184.0,60
Yars,714.0,68
Nxpe4,147.0,55
Ipo13,687.0,67
Hmgcr,441.0,66
Ntng1,341.0,60
Kcnj4,1711.0,67
Otop1,249.0,61
Nrg1,310.0,62
Tmem119,295.0,61
Zbed3,213.0,57
Krt75,313.0,61
Foxo4,215.0,56
Ube2d2a,165.0,51
Dis3l2,281.0,63
St8sia6,175.0,53
Wdr44,106.0,44
Ung,257.0,59
Kcnq2,542.0,65
Ahsa2,317.0,67
Fam71f1,136.0,51
Gpa33,187.0,58
Aox1,87.0,38
Kif12,194.0,54
Bace2,289.0,63
Arfgap3,274.0,64
Kctd21,248.0,63
Lrrc10,123.0,47
Plxna4,651.0,65
Sowaha,473.0,68
Foxp2,277.0,57
Fam57b,1660.0,69
Chpf,513.0,65
Rad50,192.0,60
Atp6v0e2,2289.0,69
Ubxn4,169.0,50
Mllt1,365.0,63
Derl1,330.0,62
Dolk,264.0,60
Nfkb1,264.0,66
Itga1,208.0,57
Cchcr1,267.0,61
Fcho2,214.0,55
Bbs12,195.0,52
Papd7,360.0,65
Zfp329,155.0,48
Golga4,529.0,67
Nlrp3,368.0,62
Fbxl14,344.0,64
Plcb3,233.0,62
Ak5,718.0,69
Trim32,1040.0,69
Bmp4,156.0,51
Padi4,202.0,57
Btbd7,242.0,58
Zfp68,255.0,65
Clmp,256.0,60
Sertad3,124.0,44
Ccdc148,262.0,63
Erbb3,315.0,60
Clip1,515.0,62
Cept1,218.0,62
Nup210l,148.0,47
Slc27a2,226.0,59
Dok3,206.0,59
Ptpn3,244.0,60
Mr1,115.0,43
Jmjd6,383.0,62
Zswim5,211.0,59
Pou3f4,157.0,52
Ranbp17,201.0,57
Arhgef4,882.0,66
Mynn,132.0,55
Rbm27,275.0,61
Glt1d1,361.0,65
Grik4,402.0,59
Adamtsl1,164.0,49
Chd6,305.0,63
X4921509o07rik,257.0,64
Mars,273.0,60
Ttc13,197.0,62
Casp14,130.0,53
Osgin2,266.0,64
Rnf223,182.0,60
Atg9b,101.0,40
Plekhg5,548.0,66
Ttc21b,114.0,51
Arhgap5,160.0,59
Zbtb6,127.0,50
Trhr,169.0,58
Ctps,255.0,57
Ccdc141,180.0,55
Fut8,325.0,61
Lrrn3,261.0,61
Klhl20,162.0,56
Trpc3,263.0,54
Trim68,206.0,59
Tox3,193.0,55
Rapgefl1,550.0,63
Egln3,113.0,43
Polr3b,182.0,53
Mfsd9,221.0,56
Tm9sf4,180.0,60
Il6st,426.0,69
Pax3,177.0,59
Appbp2,226.0,60
A430090l17rik,129.0,50
Slc9c1,194.0,59
Zmat1,167.0,53
Arid1b,592.0,67
Slc22a16,117.0,44
Angptl1,159.0,53
Eif3l,637.0,70
Mmp9,176.0,57
Adamts10,284.0,65
Fzd3,287.0,57
Abca13,246.0,66
Yme1l1,248.0,62
Exoc5,235.0,63
Mss51,140.0,52
Slc25a37,223.0,55
Myo1h,241.0,57
Chp1,179.0,55
Commd8,175.0,55
Prss23,186.0,58
Matn2,259.0,56
Lhfpl2,159.0,54
Zbtb8a,196.0,62
Fam135a,137.0,52
Thsd7b,287.0,64
Grem2,203.0,55
Chrnd,337.0,66
Ptp4a3,161.0,56
Pde11a,135.0,49
Cerk,348.0,63
Bin3,224.0,58
Cramp1l,320.0,63
St6galnac5,600.0,66
Fmr1,278.0,58
Tor2a,503.0,66
Terf2ip,232.0,57
Wdr1,525.0,69
Hectd2,207.0,61
Bmp2,266.0,60
Cdk20,284.0,63
Rdh13,302.0,61
Abca15,141.0,49
Rap2b,180.0,55
Gpd1,375.0,60
Fam220a,398.0,67
Slc24a4,322.0,60
Sall4,218.0,54
Zc3hav1l,196.0,56
Hcrtr2,334.0,58
Bmpr1b,224.0,63
Ltbp1,259.0,61
Slitrk5,274.0,59
Rimbp2,386.0,63
Cep63,226.0,55
Tmem115,335.0,61
Pygl,192.0,56
Prpf6,419.0,63
Flii,509.0,68
Fsd2,201.0,55
Btbd10,363.0,66
Oprd1,328.0,63
Aak1,166.0,54
Mep1a,131.0,52
Unc93b1,240.0,60
Vdr,201.0,54
Zfp746,239.0,60
Slc11a2,231.0,60
Lzic,299.0,64
Tbc1d30,559.0,66
Fgf15,155.0,50
Pnma3,119.0,48
Trpc1,141.0,55
Cd101,159.0,51
F12,209.0,62
Slc35f1,366.0,63
Zfp628,308.0,62
Atp1b2,2033.0,70
Slc7a2,152.0,50
Wfikkn1,207.0,59
Ebp,118.0,44
Pcyox1l,376.0,66
Sppl2b,230.0,60
Gtf2h4,175.0,61
Tub,809.0,67
Mlst8,284.0,62
Mybpc1,137.0,48
Pold3,174.0,54
Rrp7a,317.0,58
Fasn,1074.0,70
Ghdc,253.0,64
Galc,158.0,52
Akap6,849.0,68
Lig1,151.0,50
Tarbp2,262.0,59
Spag5,227.0,63
Rnf220,1063.0,68
Sema3b,212.0,57
Galm,128.0,45
Ppfia1,288.0,62
Zfp691,228.0,59
Frmpd1,315.0,66
Glcci1,351.0,66
Rlim,130.0,50
Pla2g4e,236.0,58
Mrvi1,303.0,64
Aloxe3,143.0,58
Supv3l1,254.0,65
B4galt3,367.0,65
Plekha1,211.0,56
Ptprn2,1437.0,67
Ablim3,273.0,56
Strip1,452.0,68
Cyb561d2,247.0,60
Grm7,303.0,60
Smarcb1,662.0,66
Gm973,190.0,54
C2cd2,192.0,56
Shank3,738.0,68
Stt3b,169.0,52
Eml2,887.0,68
Gpr19,267.0,60
Cox10,283.0,61
Ppp1r26,394.0,67
Tef,1623.0,70
Cxcr4,120.0,49
Timeless,155.0,50
Zc3h7a,219.0,57
Chdh,97.0,48
Kif27,225.0,61
Orc1,207.0,59
Dip2b,495.0,65
Trim27,254.0,62
Lfng,224.0,57
Ddx19b,278.0,63
Amigo2,224.0,58
Nudcd3,434.0,63
Tgm6,154.0,54
Nup93,249.0,64
Rbm28,148.0,51
Tnfaip2,84.0,38
Mmgt1,128.0,51
Fam184b,212.0,59
Fam13c,452.0,67
Rnf152,187.0,56
Snapc2,333.0,64
Kif21b,623.0,67
Pigm,148.0,50
Slc6a8,238.0,61
Sh3rf2,189.0,60
Traf1,153.0,53
Tmem8b,479.0,64
Suco,193.0,62
Pskh1,150.0,48
Lnx1,235.0,61
Cd83,202.0,58
Neu4,242.0,61
A4gnt,200.0,56
Tbc1d17,193.0,56
Htra2,456.0,67
Ptk2,553.0,67
Cnga1,132.0,46
Fbxo44,358.0,66
Fzd2,207.0,57
Pcdh8,330.0,55
Myh9,598.0,68
Unc13c,158.0,48
Entpd7,185.0,58
Cdk18,276.0,64
Zbtb22,320.0,61
Bub1b,234.0,56
Trpv1,231.0,61
Itgal,83.0,38
Nagpa,292.0,60
Acbd3,329.0,64
Pank1,216.0,59
Zc2hc1c,191.0,53
Slc17a2,193.0,56
Nsdhl,225.0,55
Nckap5l,268.0,64
Eif4h,860.0,67
Irx1,161.0,50
Nanos2,268.0,63
Dzip1l,259.0,62
Ttbk1,633.0,66
Ndst2,237.0,59
Popdc2,139.0,52
Gpt2,285.0,64
Igf2r,322.0,64
Tardbp,177.0,53
Tex9,171.0,51
Lrrc55,263.0,63
Grn,833.0,70
Ccnl2,287.0,65
Myh13,159.0,53
Slain1,536.0,66
Dfna5,223.0,54
Slc29a1,279.0,63
Prom1,206.0,59
Ccdc40,149.0,52
Abcb7,158.0,48
Gatm,301.0,61
Sec63,207.0,58
Dennd1a,420.0,66
Hes2,170.0,52
Btd,334.0,63
Cad,229.0,59
Spice1,215.0,61
Bach2,185.0,56
Map9,157.0,55
Zrsr1,276.0,62
Tmbim1,305.0,62
Svopl,138.0,52
Kdm5b,238.0,58
Prpf18,301.0,62
Kctd12b,115.0,41
Git1,389.0,64
Sema3f,200.0,59
Prmt5,354.0,63
Tnc,117.0,48
Emc10,390.0,62
Angptl2,201.0,57
Msh3,228.0,61
Prrc2b,2497.0,70
Ampd2,272.0,64
Nyap2,495.0,66
Snph,1660.0,70
Arhgap21,416.0,63
Inhba,212.0,59
Scn4a,128.0,53
Ubxn6,1014.0,70
Wdr95,174.0,49
Mms22l,154.0,50
Etnk1,477.0,62
Pkd1l2,144.0,49
Scmh1,386.0,66
Prtg,193.0,58
Myo9a,166.0,50
Prkaa1,253.0,62
Zfp334,296.0,59
Oxa1l,369.0,65
Tdg,360.0,63
Sp3,309.0,59
Prkd3,221.0,59
Slc8b1,284.0,63
Cd109,149.0,54
Wbp1l,315.0,60
Dram1,190.0,60
F8,183.0,59
Hmgxb3,316.0,60
Oas3,147.0,45
B3gnt6,195.0,61
Zfp438,228.0,60
Atrn,245.0,60
Nlrx1,241.0,60
Cd164,316.0,62
Copa,448.0,67
Tmem30b,143.0,52
Wdr4,174.0,54
Tmem120b,201.0,59
Nt5c2,290.0,64
Iqsec3,292.0,66
Parp11,271.0,61
Zbtb37,195.0,56
Rsad1,222.0,59
X4933401b06rik,165.0,54
Ctnna2,759.0,68
Pdxk,259.0,63
Gab2,244.0,56
Hivep1,418.0,67
Zfand5,311.0,65
Ffar3,164.0,51
Gcn1l1,507.0,69
Gad2,369.0,60
Dennd4a,287.0,57
Zfp335,340.0,66
Kcnj8,229.0,55
Scn5a,242.0,55
Fyb,193.0,53
Slc10a6,144.0,55
Glud1,600.0,70
Mctp1,223.0,56
Ankrd42,256.0,64
Clptm1,523.0,67
Cnnm4,278.0,55
Ppm1k,324.0,60
Usp4,332.0,61
Cyp2w1,174.0,50
Ano2,193.0,58
Fbxl13,175.0,50
Cog2,238.0,60
Myo5b,164.0,55
Tmem248,235.0,62
Pde1b,629.0,66
Fam163a,151.0,56
Fam19a3,111.0,40
Fam3a,371.0,67
Rdh10,198.0,58
Usp9y,212.0,59
Ftsj3,298.0,61
Ahrr,179.0,56
Sez6l,838.0,66
Kcnf1,517.0,62
Klrg2,105.0,44
Arid4b,117.0,50
Pla1a,84.0,37
Me1,332.0,65
Acan,184.0,55
Dcaf12l1,391.0,65
Fbxw4,415.0,63
Mroh5,210.0,57
Hnf1a,120.0,42
Zc3h12a,147.0,51
Actl7a,119.0,47
Mboat2,427.0,66
Jph1,224.0,61
Capn5,366.0,66
Ptx3,194.0,58
Dennd2a,223.0,59
E2f3,268.0,65
Gpd2,540.0,65
Itpripl1,165.0,51
Dzip3,195.0,58
Vps8,412.0,66
Cap1,939.0,69
Ppif,283.0,60
Sema3c,204.0,64
Pde9a,444.0,69
Bcr,602.0,69
Spatc1,122.0,52
Ccbe1,177.0,57
Trpm8,235.0,59
Ubtd2,246.0,60
Trmt1,527.0,64
Plin5,164.0,57
Vhl,488.0,70
Bgn,227.0,61
Amotl1,296.0,65
Mrgprh,173.0,55
Omg,429.0,65
X5830417i10rik,284.0,58
Arhgef6,125.0,49
Pde6c,203.0,63
Dcaf10,103.0,46
Bms1,496.0,65
Iqce,270.0,58
Daxx,467.0,64
Tnfsf8,146.0,57
Cldn9,179.0,57
Mex3b,587.0,67
Rcbtb1,159.0,52
Pcgf2,227.0,56
Papss1,589.0,67
Naa15,152.0,47
Bcl9l,609.0,68
Anks1,349.0,64
H6pd,187.0,55
B930018h19rik,186.0,54
Gpr15,182.0,55
Exoc3,301.0,62
Gcm2,189.0,50
Pld4,166.0,53
Slc29a4,233.0,59
Zfp69,163.0,55
Spib,215.0,62
Cdk13,253.0,59
Opn3,305.0,58
Eml5,188.0,50
Bcl9,372.0,64
Slc30a5,293.0,62
Bet1l,255.0,57
Gli1,252.0,62
Proser2,148.0,54
Slc9a3,172.0,52
Nupl2,119.0,50
Rnf103,249.0,61
Tsks,174.0,57
Metrnl,119.0,40
Ribc1,109.0,41
Ddx28,256.0,63
Ttc9,413.0,64
Rnf19a,301.0,65
Camk2g,1485.0,67
Nek2,167.0,55
Rangap1,1693.0,68
Nub1,572.0,67
Daam1,124.0,47
Dus3l,232.0,56
Csgalnact1,252.0,60
Rab22a,297.0,58
Ephb1,437.0,66
Zdbf2,228.0,60
Aif1l,154.0,51
Hnrnph2,680.0,68
Birc7,147.0,50
Rybp,171.0,53
Stxbp6,184.0,55
Sowahb,269.0,57
Acad10,174.0,56
Nsun7,176.0,55
Cln5,176.0,54
Aurka,197.0,58
Bmp6,133.0,52
Dhx34,172.0,51
Dot1l,364.0,66
Serpina10,121.0,47
Tmem209,157.0,47
Dhx32,346.0,62
Plod2,175.0,54
Adamts2,134.0,50
Sdc3,521.0,67
Mb21d2,378.0,64
Fastkd2,215.0,54
Hhip,285.0,60
Slc39a3,363.0,60
Zscan21,247.0,62
Fam20c,337.0,60
Actl11,148.0,49
Tnk2,540.0,66
Ube3c,310.0,61
Pif1,206.0,60
Sec61a1,564.0,67
Repin1,266.0,63
Sh2b1,277.0,61
Foxn3,398.0,60
Spata18,117.0,49
Chrm3,385.0,60
Dcun1d2,466.0,65
Cul1,319.0,60
Cpeb2,218.0,62
Plbd1,193.0,56
Fut2,233.0,61
Myom2,142.0,52
Lrat,102.0,44
Usp2,581.0,68
Rnd1,510.0,67
Stk11,635.0,69
Wdr3,159.0,51
Limd1,265.0,61
Jrk,205.0,53
Fam118a,194.0,50
Rlbp1,204.0,64
Cep170,311.0,64
Cul2,225.0,65
Inhbe,182.0,52
Sgtb,222.0,57
Dact1,254.0,60
Exoc8,322.0,65
Wdr26,185.0,52
Prss43,219.0,56
Thtpa,321.0,64
Dusp16,229.0,60
Agt,297.0,66
Lrig1,335.0,68
Tfcp2,284.0,64
Cpd,232.0,63
Mnt,368.0,62
Ficd,258.0,63
Ptpdc1,320.0,63
Arhgef33,270.0,65
Miip,200.0,62
Ktn1,350.0,66
Slc30a4,192.0,58
Tmtc3,285.0,61
Mtif2,176.0,51
Gm12250,66.0,40
Lrig3,145.0,53
Myog,172.0,54
Usp28,208.0,57
Mpp5,181.0,54
Tap1,173.0,55
Eif2s1,196.0,52
Fn1,432.0,65
Sirt1,168.0,48
Ube2q1,310.0,62
Nlrp2,126.0,45
Osbpl11,265.0,61
Il33,152.0,51
Nelfb,421.0,64
Mpped2,180.0,55
Svep1,157.0,57
Mpl,149.0,50
Prpf39,157.0,53
Pik3r3,242.0,64
Plk3,302.0,54
Yif1b,528.0,62
Apod,112.0,46
Btaf1,144.0,55
Gtf3c4,186.0,54
Leprotl1,248.0,54
Prss35,298.0,62
Gem,189.0,57
Ube2h,405.0,68
Rrad,154.0,49
Ppip5k2,307.0,63
Rmnd5a,166.0,57
Dse,190.0,59
Zfp790,257.0,63
Themis3,211.0,60
Skp2,300.0,59
Sox7,158.0,56
Tbk1,351.0,63
Slitrk4,198.0,55
Satl1,131.0,49
Phldb3,195.0,57
Usp15,206.0,56
Dab2ip,962.0,70
Acss2,451.0,65
Slc35e4,224.0,58
Zfp668,346.0,66
Ell2,192.0,53
Stxbp2,214.0,62
Fam129a,233.0,58
Slc17a5,239.0,58
Map2k3,273.0,61
Cited2,506.0,62
Kctd15,258.0,60
Chrna1,215.0,64
Zmym5,273.0,60
Synpo2l,210.0,55
Ube2n,208.0,54
Poli,262.0,64
Acadm,249.0,66
Trpm1,165.0,56
Atmin,450.0,65
Mcm10,192.0,53
Mmp16,267.0,62
Tm9sf1,369.0,65
Sp2,272.0,63
Cd300ld,148.0,51
Tmem51,159.0,52
Adra1b,420.0,64
Mrap2,232.0,61
Slco4c1,203.0,63
Wnk4,166.0,54
Ube2z,366.0,63
Klf4,150.0,46
Adora1,1053.0,69
Ttyh1,1045.0,70
Lypd3,205.0,54
Mc3r,199.0,57
Nmnat3,343.0,66
Psph,356.0,65
Prc1,321.0,64
Slc32a1,649.0,62
Sipa1l2,437.0,65
Spata21,179.0,47
Ticrr,152.0,50
Aldh16a1,218.0,58
Apbb2,282.0,62
Sh3gl1,328.0,68
Dctn4,214.0,58
Slc26a6,173.0,55
S1pr1,553.0,67
Kif16b,140.0,54
Pygb,697.0,70
Swap70,158.0,60
Fibin,168.0,54
Sema4f,362.0,65
Ip6k3,119.0,46
Slc35c2,180.0,59
Gm16130,168.0,54
Amz1,275.0,61
Ints8,145.0,49
Ggt1,85.0,35
Trit1,161.0,52
Hip1,278.0,63
Akap8l,603.0,66
Cyth1,602.0,68
Mtfr1l,467.0,67
Spcs2,111.0,45
Plxna1,601.0,67
Fhdc1,196.0,60
Rab31,306.0,63
Atxn7,188.0,58
Ust,222.0,60
Des,188.0,50
Lyrm9,288.0,64
Myh10,631.0,67
Rgl3,207.0,57
Gprin1,1229.0,71
Lrrc71,92.0,39
Frzb,257.0,60
Nfya,206.0,54
Chaf1a,297.0,59
Mgat4b,494.0,68
Arpp19,210.0,57
Trip11,201.0,60
Sfxn5,761.0,68
Zfp760,109.0,47
Rab23,227.0,63
Nuak1,252.0,63
Exoc7,325.0,64
Ssx2ip,443.0,66
Anapc7,250.0,55
Enpp6,135.0,45
Farp2,278.0,61
Stat3,183.0,63
Oaf,250.0,64
Ppef1,70.0,38
Postn,104.0,43
Bcar1,566.0,68
Adrb3,116.0,45
Poc5,231.0,60
Ngb,196.0,55
Nr3c2,267.0,64
Wnt3,252.0,61
Chst2,524.0,67
Psg.ps1,136.0,53
Gpr62,295.0,64
Hif1an,281.0,59
Gramd1b,617.0,66
Rd3,113.0,42
Robo4,254.0,59
Gpld1,160.0,44
Gk5,171.0,51
Slc16a5,122.0,42
Lyg2,194.0,54
Fam50b,116.0,45
Runx3,229.0,67
Gykl1,176.0,57
Rif1,176.0,58
Apoa5,176.0,46
Xpc,230.0,55
Tacstd2,125.0,47
Iars2,283.0,65
Homer2,220.0,56
Ppp2r3a,339.0,66
Alpl,186.0,52
Fbxl4,184.0,58
Lipt1,201.0,56
Ppl,173.0,59
Slc1a6,180.0,55
Bag2,198.0,56
Col13a1,187.0,59
Rcan2,762.0,65
Antxrl,243.0,59
Clcn6,499.0,68
Ar,156.0,55
Exph5,213.0,57
Slc9a6,106.0,41
Aqp8,189.0,57
Hspbap1,160.0,52
Gucy1b3,878.0,68
Gmps,178.0,55
Rgs17,221.0,63
Icmt,426.0,65
Utp3,242.0,63
Mus81,301.0,61
Tiam1,400.0,68
Hps4,278.0,67
Ptprb,274.0,61
Dvl2,141.0,46
Ankrd26,232.0,62
Kdm3a,181.0,52
Urb1,250.0,61
Slc9a3r2,388.0,63
Ss18,131.0,51
Coq10a,258.0,59
Ccng1,302.0,61
Timmdc1,260.0,62
Brd1,300.0,62
Efna1,206.0,61
Stpg1,124.0,43
Slco1b2,100.0,41
Heatr1,176.0,52
Arhgap18,223.0,62
Wscd2,481.0,62
Lhx6,282.0,60
Rs1,263.0,63
Rbm20,136.0,51
Cars2,274.0,59
Kcnc3,869.0,67
Cpeb4,482.0,64
Med24,692.0,66
Lrrc8e,179.0,57
Limd2,250.0,63
Mis12,193.0,59
Hnrnpul2,233.0,60
Otog,154.0,60
Tcf7l1,169.0,58
Rbp1,255.0,61
Fam185a,197.0,61
Npbwr1,126.0,53
Hexdc,377.0,67
Sec14l4,234.0,59
Zfhx3,250.0,62
Lrrfip2,135.0,51
Galnt13,102.0,44
Cul9,343.0,65
Bmp5,143.0,50
Xpo5,457.0,66
Haus6,151.0,53
Rabl3,127.0,42
Fscb,226.0,55
Ncstn,273.0,60
Fuca1,250.0,61
Desi2,158.0,47
Elk4,241.0,61
Polq,110.0,42
Hdc,231.0,59
Adamts9,219.0,65
Taf7,276.0,63
Ankrd6,246.0,63
Kif5a,5055.0,71
Ppp4r4,322.0,65
Fstl5,256.0,65
Cdca2,140.0,54
Smap2,783.0,66
Dmtf1,190.0,52
Sulf1,306.0,65
Armc2,161.0,56
Os9,584.0,68
Fam49b,214.0,51
Cers4,238.0,59
Macf1,532.0,68
Prpf38b,346.0,60
Tekt3,253.0,60
Col26a1,214.0,59
Slc6a6,329.0,63
Prpf31,228.0,60
Slc35f2,220.0,56
Dpp10,213.0,61
Med8,206.0,58
Cyp4b1,99.0,44
Zscan20,200.0,57
Slc13a4,225.0,59
Slc16a12,212.0,61
Tbxa2r,206.0,57
Slc35d1,153.0,50
Cdkl5,1067.0,67
Gp2,177.0,60
Fbxl22,94.0,45
Dchs1,254.0,59
Ndst3,132.0,44
Tmem215,196.0,52
Helq,288.0,62
Shmt2,253.0,61
Mmp12,108.0,43
Mbtd1,157.0,53
Stk16,347.0,62
Ints3,451.0,64
Zkscan16,298.0,62
Plcg2,138.0,58
Slc5a10,213.0,52
Tbc1d24,624.0,65
Lama2,202.0,57
Stk24,208.0,60
Pald1,229.0,63
Eif5a2,207.0,60
Mfsd10,303.0,62
Tspyl4,920.0,67
Nacc1,645.0,67
Nos1,188.0,50
Arfgef2,319.0,63
Tas1r1,118.0,46
Acaca,435.0,66
Astn2,314.0,63
Mlh3,212.0,61
Arhgap44,977.0,70
Ranbp3,660.0,68
Gas2l2,144.0,55
Ppp1r9a,212.0,60
Katnal1,307.0,61
Aff3,347.0,65
Pnma2,132.0,47
Snap29,200.0,61
Mfsd1,240.0,60
Prkd1,155.0,47
Ctsh,116.0,46
Mphosph9,232.0,59
Mdm2,353.0,66
Sh3pxd2b,284.0,62
Scrib,298.0,62
Tsix,133.0,49
Nptx2,583.0,61
X9430083a17rik,148.0,47
Aqp7,188.0,54
Cd180,243.0,60
Rab3ip,298.0,61
Clgn,145.0,47
Mmrn1,248.0,63
Gpkow,223.0,60
Stk25,263.0,60
Ano5,357.0,63
Tns1,253.0,56
Itgad,172.0,59
Erp44,208.0,56
Zfp94,217.0,58
Paqr5,103.0,46
Herc4,189.0,58
Cd82,278.0,63
Ankrd29,193.0,56
Gtf2ird1,325.0,62
Tex19.2,249.0,56
Dio3,103.0,43
Txlna,403.0,67
Art5,234.0,53
Rbms3,158.0,49
E2f7,145.0,56
Stk32c,701.0,65
Trp53inp2,368.0,63
Kdm5c,506.0,69
Trmt12,208.0,63
Styk1,193.0,57
Tjp3,172.0,50
Nr2f1,1328.0,67
Gpr68,245.0,65
Actr10,368.0,64
Chrm2,161.0,51
Jmjd4,285.0,65
Twf1,169.0,54
Eea1,211.0,60
Ing2,255.0,62
Myh15,225.0,65
Corin,124.0,46
Ipmk,105.0,46
Fam104a,216.0,57
St3gal4,342.0,65
Ppox,238.0,58
Dmrt2,209.0,56
Spry3,207.0,55
Actrt3,131.0,46
Abcd2,160.0,54
Mrpl35,259.0,64
Adck2,277.0,61
Sec14l1,830.0,69
Cd274,247.0,63
Slit2,251.0,59
Gbp5,216.0,65
Prmt3,280.0,60
Lyve1,177.0,54
Ubxn2b,246.0,58
Apba3,290.0,64
Nhsl1,345.0,63
Abra,184.0,64
Ptpn14,200.0,57
Gpx3,191.0,57
Ruvbl2,413.0,68
Psrc1,138.0,47
Crlf1,174.0,55
Tnfrsf21,533.0,69
Arx,265.0,60
Fech,291.0,56
Wdr27,175.0,58
Ldb1,357.0,63
Ccnf,199.0,59
Asap2,260.0,64
Fzd8,224.0,59
Smarcd1,867.0,69
Stat6,159.0,55
Casq1,226.0,61
Tmprss11a,202.0,63
Dpy19l2,109.0,44
Hs3st1,486.0,67
Phf21a,151.0,53
Zfp770,113.0,42
Gdf9,258.0,60
Atpaf2,247.0,56
Acbd5,352.0,64
Nhlrc3,184.0,55
Itih3,226.0,56
Pgpep1,197.0,56
Them6,1079.0,68
Secisbp2l,468.0,69
Ano6,282.0,62
Selp,216.0,57
Cilp,184.0,57
S1pr5,305.0,66
Kcnq3,557.0,66
Chst13,159.0,52
Cbx5,426.0,67
Clec11a,214.0,59
Sfrp2,188.0,54
Bc031361,142.0,49
Axin2,290.0,60
Lgr5,230.0,62
Tsnaxip1,120.0,49
Mccc1,168.0,51
Rfx1,264.0,58
Plek,256.0,60
Vipr2,115.0,43
Ly75,183.0,50
Cdc37,869.0,70
Pla2g2d,222.0,62
Cers2,225.0,56
Rcan3,251.0,57
Apba1,428.0,65
St8sia1,232.0,60
Dlg1,477.0,67
Kansl3,298.0,63
Samd14,210.0,59
Pdcd11,241.0,63
Slc12a9,350.0,69
Clec3a,209.0,58
Slc39a11,159.0,49
Sirt2,1420.0,70
Hmcn1,213.0,62
Nfatc2ip,215.0,60
Col20a1,124.0,47
Ankfy1,316.0,65
Cdca3,193.0,61
Rbbp7,434.0,65
Slit1,268.0,54
Aar2,285.0,61
Wdr86,151.0,54
Tmf1,278.0,62
Tssk4,152.0,47
Bmf,209.0,61
Btbd2,704.0,68
Catsper2,198.0,62
Usp44,208.0,60
Lrrk2,200.0,58
Evc,194.0,55
Tnrc18,657.0,68
Dio2,335.0,69
Ing1,703.0,70
Mdc1,201.0,57
Cpped1,315.0,66
Mapk1ip1l,303.0,65
Cdyl2,236.0,56
Foxr2,133.0,48
Trpm4,291.0,64
Itga4,226.0,61
Sltm,376.0,62
Aff2,271.0,59
Wdr5b,130.0,49
Zdhhc15,346.0,63
Mfhas1,264.0,62
Gm5113,153.0,51
Plat,262.0,56
Sh3glb2,1389.0,69
Kdm5d,156.0,53
Higd1a,241.0,60
Cxcr5,131.0,45
Sft2d3,193.0,52
Mfsd7a,177.0,57
Col4a5,137.0,44
Top2b,132.0,48
Pinc,296.0,61
Tdp1,314.0,63
Tln2,398.0,62
Usp26,191.0,61
Unc13b,174.0,54
Ddx52,148.0,50
Smg7,386.0,67
Mpp2,788.0,66
Lman2,209.0,58
Tsen54,247.0,60
Shank1,4812.0,69
Timd4,224.0,62
Shpk,175.0,49
Bdkrb2,105.0,42
Slc7a4,260.0,57
Rab24,576.0,68
Mta2,366.0,62
Rasa4,195.0,59
Plbd2,726.0,69
Tead1,278.0,62
Dtx2,250.0,66
Il17rd,156.0,54
Brpf3,304.0,62
Gucd1,206.0,55
Wipf2,309.0,64
C2cd5,236.0,62
Plcxd2,487.0,63
Kctd18,147.0,50
Zbtb39,164.0,59
Ythdc2,232.0,61
Pter,251.0,59
Scml4,308.0,65
Tead3,192.0,57
Arhgef9,297.0,56
Calu,254.0,59
Nes,175.0,57
Tube1,133.0,53
Cldn15,190.0,56
Serpinc1,272.0,61
Peg3,792.0,69
Rab35,469.0,69
Fzd10,237.0,55
Spg11,234.0,64
Robo3,255.0,63
Casp8,208.0,63
B3galt4,225.0,59
Rassf8,260.0,63
Dido1,569.0,67
Cwf19l1,119.0,49
Krt76,218.0,59
Kcnab2,1706.0,68
Ezh1,292.0,58
Neurog3,230.0,56
Zfp507,233.0,54
Ppfibp2,146.0,52
Abcf3,283.0,59
Qars,382.0,63
Trpv2,303.0,66
Gatad2b,691.0,66
Dnajc5,1125.0,67
Slc27a6,409.0,67
Trip13,91.0,38
Tmem200a,174.0,51
B4galnt4,634.0,64
Mcm2,219.0,64
Aqr,228.0,58
Fosl1,197.0,57
Afap1l1,317.0,60
Itgb5,543.0,68
Thsd4,99.0,38
Notum,199.0,62
Gpr155,219.0,60
Celsr1,184.0,61
Fry,671.0,68
Mme,156.0,53
Pigk,660.0,68
Dcbld1,196.0,56
Efna5,131.0,44
Gcnt3,242.0,58
Slc16a11,238.0,61
Ascl1,155.0,53
Ddx21,173.0,56
Igsf10,113.0,43
Gucy1a2,299.0,63
Tekt4,165.0,55
Appl2,287.0,62
Slc10a7,223.0,60
Atxn2,686.0,67
Elac1,226.0,60
Rce1,149.0,50
Dvl1,514.0,66
Lbr,224.0,58
Ehf,133.0,51
Cdc6,127.0,45
Irs3,158.0,54
Rgag4,200.0,56
Pla2g5,96.0,42
Ptpn5,353.0,63
Zfp385b,427.0,61
Lrrc25,165.0,55
Myadm,338.0,60
Kitl,131.0,49
Amdhd1,148.0,53
Mtss1,215.0,58
Uhmk1,174.0,57
Tmem136,261.0,65
Cdk11b,286.0,63
Rad21,451.0,63
Mal,611.0,66
Samd8,169.0,51
Mast2,561.0,67
Kirrel,151.0,54
Nek1,199.0,63
Sh3pxd2a,299.0,60
Reep2,1577.0,70
Ptdss2,423.0,65
Chrna5,229.0,64
Tmem63a,379.0,66
Inpp4a,1719.0,69
Cep104,189.0,56
Tctn2,325.0,63
Unc5d,231.0,61
Dbpht2,288.0,62
Lipg,155.0,49
Nol11,209.0,57
Dis3l,304.0,64
Arhgef2,425.0,66
Dag1,790.0,70
Sun2,232.0,60
Crtc2,238.0,58
Dcst1,172.0,51
Lsm14a,369.0,63
Pcdh7,1074.0,69
Lonrf3,265.0,64
Fam3c,306.0,66
Kctd9,179.0,53
Rnf215,223.0,62
Ppt1,425.0,65
Phtf1,210.0,58
Zfp148,158.0,54
Creb3,382.0,66
Syt3,527.0,64
Fam71a,268.0,58
Lta4h,324.0,64
Prokr2,214.0,58
Iffo1,472.0,68
Fam214b,292.0,63
Popdc3,213.0,57
Pdzd7,270.0,62
Cnnm1,363.0,62
Zbtb5,200.0,58
Kcnq5,228.0,54
Zfp646,216.0,61
Tspan33,308.0,62
Mylk4,133.0,48
Adcy4,233.0,62
Poldip2,582.0,70
Fastkd1,199.0,55
Galnt11,460.0,67
Sharpin,323.0,63
Golim4,188.0,57
Rab44,490.0,68
Smpd4,275.0,62
Trim8,775.0,69
Lrrc3,239.0,56
Smurf2,268.0,58
Cacna1a,768.0,64
Ube2g1,222.0,58
Ppp1r18,179.0,55
Acsl4,315.0,66
Plscr2,179.0,54
Magel2,186.0,56
Rpap1,324.0,63
Zfp689,198.0,58
Pip4k2a,305.0,62
Scarb2,435.0,68
Spata2,517.0,65
Arnt2,936.0,68
Numb,375.0,65
Prex2,244.0,62
Gas7,1385.0,69
Grhl3,178.0,61
Elk3,223.0,58
Il1rn,132.0,49
Flywch1,1358.0,69
Guf1,215.0,63
Lama5,240.0,60
Foxo3,446.0,64
Ippk,213.0,64
Ttll5,226.0,57
Grin2d,274.0,60
Mast4,429.0,63
Adam23,318.0,63
Wdr25,212.0,60
Msln,161.0,58
X4930431p03rik,170.0,56
Trim28,561.0,68
Fmn1,194.0,58
Slc24a3,617.0,60
Vps33b,265.0,65
Phldb2,118.0,45
Siah2,287.0,59
Kpnb1,572.0,66
Slc6a7,414.0,60
Efcc1,175.0,53
Apob,159.0,58
Smad7,313.0,60
Loxl2,93.0,38
Acer3,134.0,49
Shd,311.0,64
Krt78,172.0,55
Kcnv1,427.0,62
Klhdc9,184.0,52
Tmtc4,208.0,63
Xpnpep2,113.0,43
Tbkbp1,419.0,65
Tbx15,161.0,58
Etv6,250.0,62
Zfp648,189.0,59
Tmem38a,818.0,65
Abcb11,201.0,62
Ncaph,253.0,59
Pink1,1102.0,69
Arl5c,222.0,55
Lif,120.0,45
Ccdc115,330.0,62
Gabrg3,188.0,58
Pacs1,311.0,62
Cabin1,315.0,58
Bmp3,181.0,55
Slc18a2,184.0,55
Bysl,273.0,56
Ccdc114,191.0,55
Btc,141.0,51
Pex2,212.0,60
Fbxw8,283.0,61
Tpst2,377.0,62
Ash1l,336.0,58
Slc25a20,151.0,56
Hoxb4,250.0,64
Dna2,94.0,40
Nipsnap1,557.0,65
Oacyl,307.0,64
Traf3ip3,196.0,58
Fndc9,175.0,57
Tmem143,270.0,62
Szt2,244.0,61
Bdkrb1,191.0,56
Ipo9,186.0,58
Cxcl14,306.0,63
Ppp1r16a,483.0,61
Ppip5k1,251.0,57
Rtfdc1,575.0,69
Ppp1r16b,490.0,67
Ndufaf3,445.0,67
Tvp23a,370.0,66
Trim25,197.0,55
Mark4,1041.0,67
Ripk3,285.0,63
Auts2,366.0,60
Sgca,224.0,64
Shb,204.0,55
Smad4,262.0,62
Dcbld2,258.0,65
Ubxn10,164.0,47
Atg5,204.0,59
Il34,278.0,59
Rap1gap,1007.0,69
Sgk3,176.0,59
Ikzf3,165.0,52
Pde10a,323.0,65
Mastl,132.0,54
Mier2,304.0,61
Cdkn1c,133.0,53
Chpf2,451.0,64
Psg29,174.0,55
Fam26d,129.0,51
Lrch3,205.0,59
Gm10390,114.0,42
Rft1,202.0,60
Ctsf,514.0,66
Rhpn1,178.0,51
Mum1,345.0,64
Rps6ka6,187.0,54
Sulf2,589.0,67
Chm,142.0,49
Tdrd6,72.0,38
Gtf2h3,171.0,50
Ttc39a,217.0,63
Kif15,124.0,47
Erf,380.0,67
Nab1,101.0,45
Ttc7,166.0,57
Pcp4l1,908.0,69
Acin1,597.0,69
Marco,89.0,40
Efhd2,2294.0,70
Arc,3070.0,67
Fntb,288.0,62
Recql4,196.0,58
Ncbp1,283.0,59
Gmip,169.0,56
Klhl24,254.0,54
Kdm4c,270.0,63
Ap4e1,144.0,46
Tenm4,383.0,63
Ints4,173.0,57
Usp42,223.0,62
Ston1,127.0,47
Tbc1d23,181.0,52
Tbc1d13,266.0,64
Msx3,110.0,49
Pomt1,181.0,58
Grik5,1641.0,70
Cog8,392.0,67
Nars2,193.0,54
Ivd,539.0,68
Ddx46,433.0,66
Cd19,117.0,52
Nos3,110.0,46
Pfpl,174.0,52
Rell1,269.0,61
Ctso,223.0,57
Pax8,293.0,60
Sik3,533.0,65
Alox5,291.0,63
Ranbp3l,106.0,43
Alg8,106.0,45
Foxd2,238.0,64
Rspo4,229.0,54
Nfkbid,164.0,51
Usp37,146.0,46
Jag1,235.0,63
Gcnt2,181.0,58
Acad9,269.0,62
Adrb1,504.0,65
Rsbn1l,203.0,56
Prdm4,321.0,63
Ltn1,290.0,62
Krt71,150.0,51
Srrm1,723.0,69
Prph2,187.0,53
Htr5a,208.0,60
Fndc1,281.0,62
Nobox,204.0,58
Ntn4,295.0,65
Gtpbp3,271.0,62
Eif5b,140.0,45
Myrf,206.0,53
Tmem117,193.0,59
Fgfr1,321.0,67
Zfp64,211.0,59
Med25,542.0,64
Nelfcd,345.0,63
Ccdc162,251.0,64
Col14a1,138.0,50
Sema6d,403.0,68
Mab21l1,255.0,60
Grap2,168.0,56
Rbp3,229.0,60
Tmem151a,687.0,64
Zfp687,241.0,61
Akap3,121.0,44
Ccng2,224.0,57
Sdhaf2,230.0,60
Senp5,272.0,63
Sema4c,336.0,63
Slc2a2,110.0,44
Apcdd1,708.0,68
Dcaf8,469.0,66
U2af2,947.0,68
Kcnc2,277.0,62
Ctsa,283.0,60
Ush2a,105.0,39
Nat8l,236.0,58
Clstn3,1745.0,67
Rem2,219.0,56
Wdr82,257.0,58
Frs3,275.0,62
Peli2,125.0,54
Trim62,370.0,65
Ppef2,148.0,51
Tcte1,201.0,58
Tha1,229.0,57
Pnpla2,234.0,57
Asic1,326.0,60
Stradb,202.0,53
Kcnk3,494.0,62
Star,161.0,53
Adam11,832.0,64
Ttc17,316.0,61
Mllt6,373.0,65
Pigt,620.0,68
Pitrm1,434.0,69
Zfp111,107.0,44
Slco4a1,106.0,45
Cdk5rap1,357.0,63
Jag2,232.0,61
Cab39,562.0,66
Prob1,169.0,53
Snx17,498.0,69
Tmprss4,148.0,48
Dock11,132.0,46
Jakmip2,432.0,61
Cacna1i,562.0,63
Gpr20,91.0,44
Pim2,294.0,62
Matn3,166.0,53
Pam,839.0,67
Cep120,312.0,62
Ppcs,202.0,54
Xrcc3,147.0,54
Ddx23,578.0,68
Slc4a1,220.0,58
Aldh18a1,290.0,63
Cs,1052.0,70
Ppp1r15a,244.0,62
Fmo3,192.0,58
Cpz,89.0,37
Ncapg,146.0,51
Glrx3,282.0,63
Rnf169,205.0,56
Ptch1,393.0,65
Rrp12,470.0,65
Myc,157.0,52
Mettl3,178.0,56
Isg20l2,279.0,59
Nxnl1,168.0,51
Ryk,236.0,58
Zfp804b,139.0,56
Phf21b,277.0,58
Abcc9,163.0,58
Zfp865,351.0,63
Hinfp,312.0,60
Zdhhc17,349.0,60
Asxl3,184.0,57
Tspan1,222.0,57
Pigr,196.0,59
Asxl2,201.0,56
Cd300a,172.0,57
B3gnt5,222.0,61
Cdr2,247.0,64
Mgat5,812.0,68
Ercc6l,210.0,56
Trpc4ap,1104.0,69
Tcta,391.0,65
Fmo5,131.0,50
Dph1,128.0,48
Vps13b,165.0,48
Adam8,191.0,52
Nup160,225.0,56
Dzank1,420.0,67
Lcp1,211.0,59
Maz,1212.0,70
Efhc1,169.0,57
Scamp5,1482.0,68
Gm7104,189.0,54
Pigz,259.0,61
Snn,282.0,62
Cpn2,246.0,61
Slc12a1,253.0,61
Cxxc1,463.0,65
Dcp1b,204.0,60
Lmnb1,276.0,60
Endov,208.0,53
Rpusd4,298.0,65
Olfr976,136.0,50
Spryd4,197.0,61
Camk1d,374.0,62
Usp33,489.0,68
Ptgir,220.0,57
Col11a2,220.0,57
Nos2,231.0,61
Agl,146.0,51
Ccny,341.0,66
Slx4,360.0,65
Zfp384,178.0,61
Crebbp,572.0,67
Ackr3,271.0,60
Azin1,271.0,60
Pcsk6,330.0,64
Ecel1,124.0,50
Fgf1,243.0,63
Acsm5,228.0,60
Igfals,188.0,58
Arl4c,221.0,61
Zfp366,252.0,61
Gde1,1538.0,70
Flcn,417.0,62
Tsc22d2,274.0,63
Fbxl18,207.0,53
Csdc2,741.0,67
Cdca4,204.0,56
Hivep3,435.0,65
Wdr11,265.0,56
Ephb2,151.0,51
Spry1,209.0,59
Adck1,321.0,64
Gtf3c3,239.0,58
Fam114a1,161.0,49
Nol12,230.0,59
P2rx4,386.0,62
Col22a1,147.0,56
Zfp598,369.0,67
Ptger2,162.0,54
Orc5,236.0,61
Serp1,319.0,64
Tmem150c,256.0,62
Cdsn,171.0,55
Tk1,170.0,50
Ipo8,158.0,49
Zfp704,194.0,60
Gpr12,365.0,62
Edar,266.0,62
Atl3,182.0,52
Ppp1cc,646.0,67
Csnk1d,463.0,68
Dnah11,116.0,46
Rap1gds1,259.0,60
Sptlc1,227.0,55
Pgs1,538.0,66
Fcho1,429.0,61
Etv1,412.0,65
Dync2h1,122.0,49
Cyth2,236.0,60
Ddx3x,152.0,50
Anxa4,151.0,56
Plch1,195.0,58
Upf1,275.0,61
Slc39a5,182.0,51
Capza1,217.0,52
Gpr26,741.0,63
Zic3,130.0,49
Map4k4,540.0,70
Ccdc25,352.0,66
Zcchc16,215.0,61
Foxred1,189.0,60
Plxdc2,149.0,52
Loxl4,176.0,52
Zfp275,226.0,56
Tspan14,273.0,61
Gzmb,145.0,53
Pdp2,220.0,58
Klhl8,311.0,65
Acvrl1,212.0,61
Ccdc42,175.0,49
Lgi1,275.0,62
Rpp25,238.0,56
Nek3,110.0,44
Flt4,207.0,54
Slc6a3,179.0,50
Zfp692,199.0,54
Hipk1,548.0,67
Eif1ad,149.0,53
Srsf1,266.0,65
Tinagl1,155.0,54
Fcrls,205.0,52
Zfp423,373.0,66
Zfp213,111.0,45
Fam217a,116.0,42
Rad9a,169.0,50
Myb,280.0,61
Npy1r,162.0,53
Fzd7,194.0,58
Zbtb21,189.0,59
Smyd1,183.0,50
Traf4,99.0,39
Zbtb7b,226.0,61
Nrip3,404.0,60
B3galt6,202.0,58
Mios,169.0,49
Plekhf2,121.0,50
Ddx54,224.0,60
Nxph3,302.0,57
C4bp,203.0,58
Sgms2,151.0,47
Anks4b,111.0,44
Smchd1,129.0,50
Gart,356.0,66
Pramef12,135.0,55
Mcoln1,354.0,68
Plxnd1,481.0,64
Stk38l,162.0,48
Abl1,409.0,64
Caskin1,986.0,69
Slc8a2,387.0,60
Fgfr1op,191.0,51
Col4a2,596.0,68
Adora2b,164.0,56
Trrap,607.0,69
Ptdss1,376.0,65
Myh6,173.0,51
Acsl1,335.0,63
Gosr2,325.0,66
Serpine1,228.0,56
Gpr45,246.0,60
Aplnr,200.0,57
Mthfr,127.0,47
Tmem214,560.0,65
Bahd1,323.0,67
Map3k3,297.0,66
Tmem43,335.0,62
Bsnd,176.0,56
Ppp6r1,500.0,69
Vwa2,195.0,58
Camkk1,524.0,66
Adtrp,169.0,46
Arhgef18,494.0,66
Lhx4,167.0,47
Gprc5a,126.0,49
Fa2h,257.0,56
Arhgef11,616.0,64
Mysm1,92.0,37
Anapc1,324.0,63
Sil1,338.0,65
Lurap1l,277.0,62
Slc13a1,174.0,53
Gnat1,171.0,55
Slc43a2,304.0,61
Trim15,129.0,46
Phf13,229.0,57
Gabrp,152.0,52
Dgkh,424.0,62
Zfp773,264.0,62
C8b,150.0,58
B4galnt2,125.0,48
Itfg1,187.0,55
Zc3h12d,252.0,64
Rab3d,248.0,60
Cdc42ep3,371.0,63
Cyp39a1,155.0,51
Arhgef26,198.0,56
Atp6v1b1,316.0,57
Gjc2,351.0,52
Dsc2,218.0,57
Zbtb33,161.0,55
Clp1,172.0,57
Gfod1,285.0,61
Tmcc3,147.0,47
Ankrd49,283.0,58
Ngly1,159.0,51
Slc43a3,144.0,51
Ski,844.0,68
Ccdc77,170.0,60
Fgf9,164.0,53
Ksr1,438.0,64
Crk,203.0,61
Gxylt1,102.0,42
Rab11b,202.0,55
Fer1l4,137.0,54
Tnrc6a,308.0,65
Ceacam20,172.0,54
Ddx50,251.0,59
Scn3b,234.0,50
Fstl1,217.0,59
Wnt10b,177.0,52
Pes1,214.0,61
X4933407e24rik,240.0,57
Crkl,266.0,61
Zmat3,322.0,59
Rbak,125.0,47
Ankrd54,247.0,60
Atp8b2,395.0,65
Pcmtd1,182.0,52
Phtf2,204.0,59
Flna,201.0,53
Casr,157.0,55
Angptl7,129.0,44
Pld1,96.0,38
Itga10,118.0,44
Adamts15,185.0,55
Aggf1,450.0,63
Entpd5,209.0,59
Kiss1r,124.0,45
Exoc3l,163.0,57
Slc26a2,166.0,52
Hoxc8,111.0,44
Klf1,316.0,64
Necab3,767.0,63
Slc35e1,519.0,67
Tlr4,89.0,40
Rhpn2,198.0,61
Deaf1,394.0,66
Dner,393.0,67
Pdia4,345.0,64
Fam122b,160.0,52
Rasd2,510.0,60
R3hdm4,3086.0,71
Rap2c,236.0,66
Mpnd,991.0,70
P2ry4,109.0,51
Trappc10,527.0,64
Zfp36l1,240.0,57
Fbxl12,283.0,65
Usp6nl,241.0,65
Srxn1,312.0,63
Dcakd,585.0,67
Dennd3,189.0,62
Zpld1,202.0,57
Nudt13,188.0,61
Egr2,476.0,64
Smim3,206.0,60
Raph1,454.0,64
Cnih4,141.0,51
Matn1,120.0,45
Fkrp,576.0,64
Ccdc137,239.0,62
Adam10,253.0,60
Klhl40,257.0,62
Zdhhc21,243.0,58
Degs1,399.0,66
Atp12a,187.0,60
Atg4c,191.0,52
Sel1l3,269.0,58
Specc1,359.0,64
Rin1,378.0,62
Cd44,297.0,58
Brd3,396.0,65
Baat,123.0,44
N4bp3,284.0,56
Hhipl2,195.0,58
Car5b,134.0,50
Map3k7cl,189.0,58
Tead4,207.0,60
Cldn1,224.0,64
Yod1,302.0,60
Rbm22,432.0,68
Scn7a,112.0,50
Grm6,139.0,49
Anpep,130.0,49
Nsmaf,240.0,59
Nin,204.0,62
Gna13,185.0,63
Pvr,277.0,61
Adh7,331.0,62
Srr,298.0,58
Tcf23,167.0,55
Mapk8ip3,2177.0,69
Elavl1,156.0,56
Ret,265.0,57
Gins3,160.0,52
Opa1,405.0,65
Sart1,254.0,63
Cpsf6,316.0,65
Gm10432,107.0,42
Zmym2,138.0,48
Gpr55,207.0,56
Ubfd1,277.0,62
Pipox,262.0,62
Hsdl1,405.0,65
Pola2,269.0,60
Usp48,300.0,63
Aknad1,141.0,51
Amz2,280.0,63
Efs,208.0,58
Kcnab3,333.0,61
Tmem39b,197.0,53
Zfp385a,881.0,66
Irs1,486.0,69
Dnajc7,199.0,58
Iws1,260.0,55
Il12b,261.0,65
Lgsn,169.0,57
Oas2,229.0,57
Tmem178b,698.0,66
Dntt,156.0,53
Adamts4,179.0,52
Slc25a10,251.0,63
Olfml1,122.0,50
St3gal2,721.0,66
Gpalpp1,108.0,42
Rgsl1,112.0,40
Cygb,451.0,63
Apobr,162.0,49
Nup88,244.0,55
Dkc1,172.0,52
Atrnl1,275.0,56
Rnf123,526.0,66
Rint1,229.0,62
Limch1,377.0,63
Atg9a,868.0,66
Adhfe1,141.0,49
Tgoln1,156.0,49
Rab11fip1,277.0,61
Inpp4b,224.0,58
Tmem26,203.0,57
Snai1,215.0,58
Hspbp1,667.0,64
Pth2r,283.0,66
Phactr2,160.0,53
Acp1,177.0,50
Atoh8,271.0,65
Cenpj,93.0,37
Cdc45,193.0,59
Lgi3,369.0,58
Cnpy3,766.0,68
Scd1,202.0,62
Mst1r,220.0,59
Pelp1,408.0,66
Abcc1,141.0,46
Nod1,194.0,51
Nusap1,187.0,56
Kcnab1,378.0,64
Baiap2l1,122.0,45
Zw10,183.0,49
Tex2,496.0,66
Cct8l1,176.0,59
Lrrc42,285.0,62
P4htm,961.0,68
Prr12,492.0,65
Cpox,511.0,66
Tcf7l2,213.0,53
Fam222b,334.0,62
Iqgap1,188.0,58
Casc1,169.0,59
Efna2,308.0,60
Mon2,404.0,66
Grsf1,150.0,45
Ntsr2,1150.0,70
Zfp780b,161.0,55
Psat1,303.0,65
Lrguk,107.0,44
Pip5k1c,877.0,68
Dock10,184.0,54
Tmem79,123.0,49
Atp8a2,343.0,64
Phf14,159.0,50
Lrp8,442.0,66
Gpr171,122.0,40
Ing4,267.0,60
Ccdc39,140.0,44
Hey1,271.0,59
Zbtb45,146.0,53
Dlg3,842.0,63
Ctnnbip1,434.0,67
Gjb1,157.0,50
Cyp4f39,315.0,61
Lsg1,204.0,58
Klhl10,242.0,59
Gpsm2,259.0,61
Hunk,219.0,60
Uba7,157.0,47
Sephs2,420.0,62
Slc35b4,414.0,67
Asb10,147.0,51
Wdr19,174.0,57
Sfi1,206.0,56
Sacm1l,138.0,55
Maf,250.0,58
Ero1l,156.0,51
Rassf5,294.0,61
Dusp3,766.0,65
Npy4r,132.0,47
Bche,230.0,59
Tmtc1,268.0,66
Tet1,184.0,56
Htr3b,92.0,42
Nsun5,276.0,64
Lrrc4,380.0,67
Zfp248,151.0,51
Sla,147.0,49
Il22ra1,235.0,60
Snx5,205.0,61
Amer3,387.0,64
Il10ra,255.0,58
Zic5,236.0,63
Ulk3,247.0,60
Hars2,184.0,56
Nceh1,510.0,66
Tomm20,368.0,65
Shisa6,170.0,56
Rfwd2,255.0,60
Zfp553,301.0,61
Asb8,178.0,52
Smarce1,424.0,65
Nup210,399.0,64
Irak2,212.0,58
Arfrp1,167.0,57
Rab8a,496.0,67
Klhl34,191.0,57
Egfem1,215.0,62
Slc7a7,137.0,53
Efr3b,478.0,63
Nmt2,255.0,57
Vprbp,207.0,56
Bean1,115.0,46
Reep5,485.0,66
Pcbp4,512.0,66
Fut7,268.0,61
Msl3,298.0,59
Utp23,231.0,56
Nup107,179.0,60
Dgkb,243.0,59
Asb6,420.0,65
Rundc1,236.0,60
Phc3,158.0,51
X1700022a21rik,206.0,53
Gimap8,127.0,43
Gpr1,164.0,55
Tfec,169.0,55
Gba2,375.0,63
Nubp2,314.0,63
Arap1,179.0,56
Slfnl1,120.0,47
Gpank1,348.0,64
Adcy1,2045.0,68
Col19a1,175.0,54
Fbln5,111.0,42
Ctse,100.0,46
Ahr,214.0,62
Cc2d2a,219.0,62
Tada3,612.0,63
Bnc2,107.0,42
Wipi2,485.0,65
Slc39a6,195.0,53
Iqub,222.0,62
Zfp768,291.0,62
Sec24a,108.0,45
Traf3,334.0,62
Chst12,299.0,60
Lin9,112.0,47
Fam196b,193.0,56
Chd8,194.0,56
Ccdc126,255.0,59
Pnpla3,153.0,53
Tsnax,434.0,67
Zc3hav1,179.0,54
Bend4,120.0,47
Hdx,166.0,54
Nudt15,231.0,57
Frk,190.0,58
Lipe,192.0,50
Ahdc1,827.0,67
Pgm1,276.0,62
Tmem2,176.0,56
Mast3,1319.0,68
Fgfr3,421.0,65
Tmem101,196.0,54
Nfkbil1,291.0,66
Satb2,810.0,67
Usp8,279.0,61
Tmem125,167.0,50
Tceanc,206.0,52
Ubxn7,213.0,59
Tcam1,192.0,53
Spry2,952.0,69
Neurl3,215.0,58
Sctr,122.0,48
Srcin1,1346.0,70
St14,138.0,48
Grpr,95.0,46
Galns,210.0,55
Ptpn22,216.0,58
Txndc5,213.0,57
Swt1,137.0,44
Svip,220.0,62
Dsp,257.0,61
Ptprj,631.0,66
Rab27a,174.0,55
Serinc2,203.0,53
Cpne2,287.0,64
Hacl1,118.0,41
Reep4,197.0,57
Pou6f2,260.0,63
Sult6b1,161.0,57
P4hb,581.0,68
Secisbp2,272.0,68
Cntn2,676.0,66
Adam15,503.0,66
Hibadh,364.0,62
Dock4,235.0,58
Bicd1,314.0,61
Eprs,299.0,58
Otof,187.0,60
Ttn,277.0,62
Narf,180.0,51
Glyctk,213.0,59
Wrn,175.0,53
P4ha1,180.0,56
Rfxank,186.0,62
Irf6,251.0,58
Exosc4,260.0,61
Mcat,211.0,61
Lancl1,279.0,57
Smg5,416.0,62
Inpp5e,330.0,64
Cnppd1,165.0,55
Prkcg,1274.0,66
Ppp2r1b,157.0,48
Gsr,265.0,61
Tcp11l2,265.0,63
Mpdz,212.0,55
Alpk2,145.0,55
Cadm4,4377.0,71
Eaf1,199.0,58
Rnd3,235.0,61
Ptger4,187.0,56
Morc4,206.0,58
Dach1,226.0,60
Serpina3j,128.0,47
Kcns3,168.0,54
Gusb,122.0,51
Igf2,189.0,54
Cpxm1,216.0,63
Gpc4,242.0,59
Unc119b,248.0,58
Mob1b,148.0,57
Slc2a8,382.0,63
Slc40a1,235.0,64
Snx20,102.0,48
Mical3,430.0,62
Cdipt,981.0,66
Opn1sw,152.0,56
Src,696.0,68
Tle4,241.0,61
Plagl1,173.0,52
Cd93,217.0,56
Kdm3b,312.0,65
Dnah8,141.0,49
Srebf1,330.0,64
Slc6a4,190.0,56
Htr1f,130.0,49
Rhoq,242.0,62
Zscan25,257.0,58
Xkr6,281.0,63
Gxylt2,175.0,56
Cldn5,814.0,68
Ing5,171.0,54
Taf1c,255.0,61
Zfp787,479.0,67
Gramd4,229.0,55
Gpr183,163.0,57
Prepl,818.0,67
Lcmt2,190.0,53
Scfd2,422.0,63
Accs,136.0,49
Fbln1,145.0,54
Manf,202.0,59
Ifnlr1,177.0,55
Fam210b,162.0,54
Phc1,265.0,64
Dhrs9,150.0,51
Sash1,502.0,68
Npc1l1,199.0,55
Dmgdh,128.0,54
Zfp622,262.0,62
Fermt3,129.0,47
Ncapd3,262.0,63
Pcca,217.0,57
Slc9a1,273.0,61
Mybpc2,225.0,58
Fam84b,156.0,48
Slc25a19,263.0,62
Krt32,112.0,45
Dlx1,224.0,57
Tmem184b,455.0,67
Dnah9,117.0,47
Rasgrp4,124.0,52
Ell,211.0,60
Pde8b,192.0,55
Lmx1a,256.0,63
Sgpp2,178.0,58
Sel1l,469.0,67
Tsen2,281.0,60
Nipal4,128.0,47
Stx6,59.0,31
Fbxo33,185.0,55
Magix,146.0,52
Lrp6,297.0,59
Ghsr,104.0,42
Taf1a,292.0,62
Coq9,787.0,71
Adcy3,276.0,62
Vwc2,188.0,59
Thrb,227.0,58
Sult4a1,1646.0,68
Fam174b,373.0,62
Dpf1,673.0,64
Smarcal1,271.0,61
Gpr37l1,769.0,70
Map3k19,234.0,67
Chd1,242.0,63
Arhgef15,178.0,60
Mrpl19,237.0,57
Zfp623,257.0,58
Il12rb1,127.0,47
Gpr161,245.0,64
Preb,170.0,53
Ino80,265.0,62
Arrdc2,234.0,65
Spta1,181.0,56
Pdilt,165.0,55
Bcs1l,270.0,66
Cdc16,216.0,57
Arhgef19,201.0,57
Lsm11,310.0,61
Cog4,319.0,64
Sdk1,207.0,60
Scml2,122.0,51
Leprot,219.0,61
Dnmt3b,219.0,56
Taok2,1123.0,70
Nat10,176.0,54
Fezf1,206.0,52
Arhgef10,278.0,63
Syk,264.0,64
Tpp2,180.0,56
Slc17a7,8498.0,65
Atp2b4,465.0,62
Epdr1,461.0,63
Aldh3a1,132.0,52
Grhl2,191.0,59
Zfp287,186.0,59
Fat2,164.0,58
Bhlhe22,321.0,65
Egr4,818.0,66
Car2,444.0,64
Crhr1,425.0,66
Adat1,196.0,58
Atf6,229.0,54
Tmco4,182.0,54
Dlx2,142.0,50
Kcnv2,153.0,46
Tbc1d4,267.0,64
Coa5,255.0,56
Snx4,205.0,60
Gopc,279.0,59
Elac2,309.0,62
Deptor,183.0,54
Pomk,270.0,62
Gm19782,153.0,53
Dap,312.0,60
Rnf214,428.0,64
Slu7,173.0,53
Ceacam16,161.0,53
Abhd5,191.0,53
Ciapin1,320.0,63
Dgkk,113.0,45
Zdhhc5,426.0,66
Pygo1,207.0,57
Ssr1,195.0,61
Fam171a1,315.0,63
Axin1,370.0,66
Gprin3,224.0,58
Dlx3,219.0,54
Kidins220,433.0,65
Gys1,218.0,62
Ifi35,171.0,56
Irak3,223.0,57
Zkscan14,341.0,62
Lgals12,126.0,51
Zfp870,144.0,45
Cd163,149.0,48
Zfp385c,191.0,55
P2ry2,145.0,53
Pnpla6,288.0,56
Psmd5,262.0,63
Zfp800,184.0,56
Rhog,310.0,59
C3ar1,321.0,66
Thbs3,175.0,47
Gprc5b,327.0,65
Gabrb1,282.0,64
Fancc,71.0,35
Slc25a44,505.0,67
Sertad2,244.0,56
Zfp658,168.0,56
Pxmp4,300.0,60
Zfp784,238.0,56
Tmem154,167.0,54
Gja4,235.0,57
Ctsz,227.0,64
Elp6,301.0,63
Evc2,176.0,51
Ccdc87,117.0,41
Dctn2,1285.0,70
Reep3,153.0,49
Bc039771,215.0,62
Emp2,253.0,59
Dennd1b,175.0,52
Fhod3,702.0,66
Ebf4,123.0,43
Loxl3,174.0,62
Klkb1,213.0,63
Adam2,109.0,43
Fam193a,319.0,60
Lzts1,901.0,65
Raver1,351.0,64
Rtn4r,1122.0,65
Obscn,185.0,58
Irf2,328.0,63
Kbtbd12,173.0,56
Mtmr4,610.0,64
Klk9,226.0,61
Inppl1,339.0,62
Ccdc170,143.0,51
Prame,162.0,56
Tmprss11e,177.0,57
Zeb1,270.0,68
Ogt,165.0,53
Fam120b,215.0,56
Irf2bp2,305.0,63
Thnsl2,142.0,50
Edaradd,160.0,52
Slc6a5,176.0,56
Prdm8,322.0,63
Zfp131,200.0,57
Sgip1,445.0,66
Sema7a,819.0,66
Nefh,616.0,59
Pcbp3,689.0,65
Ppan,286.0,62
Kcng3,151.0,53
Col5a2,181.0,54
Pfkl,837.0,67
Nampt,101.0,44
Brca2,240.0,61
Ankrd33,139.0,50
Cpq,120.0,44
Cdc7,242.0,59
Mapre3,1936.0,69
Wnt4,256.0,55
Ccdc112,203.0,59
Usp14,262.0,57
Tmem246,400.0,61
Adarb1,390.0,64
Tor1aip1,259.0,60
Efcab5,176.0,55
Stk39,374.0,62
Med14,165.0,57
Tgm3,208.0,56
Naa30,167.0,51
Zp2,123.0,46
Ubp1,253.0,59
Helz,340.0,60
Pigw,197.0,57
Inpp5f,327.0,63
Ccdc97,357.0,62
Itgb7,180.0,54
Mthfd2,203.0,56
Arhgap24,183.0,57
Filip1l,173.0,54
Arhgef5,150.0,51
Erc2,337.0,64
Sipa1l1,1335.0,66
Brd4,909.0,70
Zswim3,144.0,45
Cpne9,415.0,64
Apol8,289.0,63
Ranbp10,225.0,62
Mras,671.0,68
Tmem63c,417.0,62
Zdhhc7,411.0,63
Igsf9,176.0,51
Il2ra,258.0,67
Adam5,142.0,49
Esam,359.0,66
Raver2,176.0,57
Stbd1,149.0,52
Ift81,246.0,67
Klhl1,185.0,55
Dhx29,300.0,60
Ankrd34c,213.0,56
She,155.0,50
Map3k2,196.0,55
Nphs2,134.0,53
Slc5a6,147.0,45
Cidec,118.0,48
Elfn2,347.0,63
Tcf3,255.0,58
Crtc3,209.0,58
Map3k13,273.0,57
Krt15,187.0,55
Traf3ip2,115.0,46
Ephb3,329.0,59
Ndel1,477.0,64
Myo1f,114.0,50
Zdhhc24,261.0,60
Tex261,245.0,59
Dab2,185.0,56
Ercc8,137.0,48
Ankrd52,199.0,51
Tkt,352.0,64
Atp8b1,75.0,37
Pitpnm2,1280.0,69
Txndc2,249.0,62
Arhgap25,194.0,58
Cd300lg,123.0,48
Wdr77,187.0,59
Nit1,273.0,63
Sh3d19,187.0,58
Rexo4,215.0,61
Lrfn4,274.0,61
Prph,212.0,60
Nr1i2,172.0,58
Rdh12,176.0,57
Rftn1,155.0,51
Wrb,327.0,64
Chst14,198.0,56
Kifc3,411.0,63
Cand1,334.0,63
Slc35f6,304.0,63
Rbm33,370.0,60
Zscan29,154.0,55
Mcfd2,250.0,61
Gstcd,191.0,56
Usp40,137.0,45
Creb5,199.0,59
Tyr,98.0,43
Atp9b,257.0,59
Ubap1,395.0,68
Slc1a4,346.0,64
Abcc6,110.0,40
Cdkn1b,580.0,70
Vwa1,191.0,56
Bahcc1,313.0,61
Ankrd50,159.0,52
Lpar3,165.0,53
Gabbr2,1644.0,68
Xpo7,138.0,53
Fam83f,202.0,55
Hebp2,282.0,62
Abcc4,186.0,51
Pga5,142.0,51
Poldip3,770.0,68
Rundc3a,1306.0,69
Mink1,992.0,69
Kif7,194.0,55
Arhgap29,166.0,51
Mrgprg,139.0,51
Ssr3,144.0,48
Rbpms2,113.0,52
Cc2d1b,292.0,63
Foxc1,215.0,61
Lmbrd1,243.0,60
Eif2ak1,368.0,64
Klf15,393.0,64
Trib2,331.0,60
Dock1,192.0,52
Eps15,435.0,67
Atpaf1,262.0,63
Grb14,103.0,36
Ago4,150.0,56
Smc5,257.0,60
Ftcd,132.0,55
Arhgef37,160.0,49
Mybbp1a,220.0,53
Kcnk2,336.0,62
Vsig10,139.0,55
Atg2b,288.0,59
Spire1,311.0,65
Ybey,189.0,49
Aldh1l1,483.0,66
Padi1,177.0,53
Ncor2,952.0,69
Pglyrp2,147.0,53
P2ry6,240.0,62
Lamp5,681.0,69
Asb7,190.0,52
Tnr,292.0,63
Phka1,230.0,63
Grid2ip,127.0,50
Ak7,238.0,59
Nox3,204.0,55
Mybpc3,120.0,46
Lrrn4,255.0,60
Stard3,318.0,62
Ttpal,262.0,60
Pou2f3,181.0,54
Rad54l,159.0,54
Cnot1,328.0,62
Tgm2,166.0,51
Rpa2,229.0,57
Ccser1,195.0,56
Pou3f1,473.0,66
Mphosph8,206.0,57
Tnfsf13b,220.0,64
Pou4f2,221.0,64
Depdc5,265.0,60
Brip1,192.0,55
Actn3,135.0,51
Csrp1,496.0,67
Prrx1,245.0,57
Lactbl1,258.0,57
Pdia6,514.0,64
Eef1d,368.0,66
Fam109a,287.0,61
Mcm7,263.0,62
Fam83g,106.0,41
Endod1,180.0,60
Prrt4,184.0,56
Tlr5,235.0,62
Akt1,376.0,67
Spink5,195.0,55
Gbf1,447.0,69
Rasgrp3,124.0,50
Ptger3,217.0,61
Wdr45b,368.0,66
Zfp710,265.0,63
Tnfrsf11a,249.0,63
Vmn2r118,172.0,62
Cdhr1,122.0,46
Ebf3,87.0,42
Rab5c,1153.0,70
Ntng2,541.0,65
Lman2l,291.0,62
Zyg11b,237.0,62
Hoxd1,169.0,57
Smpd2,275.0,65
Trp53i11,715.0,64
Cdc14b,138.0,48
Rprm,1434.0,67
Thbd,182.0,53
Col5a3,314.0,64
Slc47a1,80.0,39
Isoc1,223.0,58
B4galt2,474.0,65
Ccdc13,227.0,61
Rps6ka2,354.0,61
Eps8,316.0,64
Zbtb44,240.0,63
Clec4f,86.0,37
Nkx2.2os,227.0,61
Gpd1l,381.0,65
Fosl2,305.0,62
Hfe,115.0,44
Ccdc159,192.0,56
Trcg1,188.0,63
Dscr3,284.0,59
Acacb,199.0,57
Fbxo10,324.0,64
Il20ra,119.0,51
Cckbr,477.0,67
Nfatc1,189.0,57
Srpk3,148.0,43
Rhbdf1,227.0,60
Vps33a,547.0,64
Acsm2,148.0,51
Unkl,287.0,58
Rtn4rl1,507.0,63
Morc2b,193.0,62
X1700001l05rik,151.0,49
Ikbkb,185.0,61
Xkrx,138.0,48
Lingo2,353.0,62
Midn,601.0,70
Tfe3,289.0,60
Sipa1,231.0,57
Zfyve1,402.0,63
Tgfb1i1,278.0,63
Aars2,313.0,62
Tead2,124.0,51
Tango6,227.0,62
Htra1,904.0,69
Bmp7,211.0,60
Pax1,162.0,48
Impg1,283.0,65
Mbd4,176.0,54
Rps6kc1,440.0,64
Elmo3,238.0,59
Lzts2,382.0,66
Hspa12b,162.0,54
Cdk5rap3,241.0,59
Ralgapb,342.0,65
Ephx3,217.0,61
Lpgat1,506.0,67
Rabep2,216.0,57
Patl1,258.0,61
Chrnb1,137.0,46
Trim37,707.0,65
Ciita,199.0,62
Igfn1,210.0,56
Dok1,189.0,58
Prrg3,275.0,60
Serpina1f,158.0,56
Krt79,146.0,50
Sim2,222.0,61
Trim54,164.0,55
Ddr2,218.0,60
Rab3il1,132.0,45
Letm1,544.0,67
Reps2,272.0,62
Sfxn1,365.0,63
Rttn,179.0,53
Brat1,301.0,61
Wdr78,187.0,55
Bmp10,194.0,56
Dapp1,168.0,52
Kif14,126.0,43
Zfp358,495.0,68
Dtx3,1133.0,69
Fn3krp,312.0,60
Rnf24,320.0,63
Lhpp,286.0,56
Heatr3,300.0,65
Sp1,222.0,57
Cdc42ep4,157.0,52
Aph1a,250.0,62
Kcng1,420.0,62
Far2,299.0,61
Fam19a2,238.0,56
Slc46a3,170.0,55
Nek6,215.0,59
Ncapg2,182.0,58
Plekhb1,720.0,70
Sypl,180.0,59
Enah,201.0,56
Dhodh,245.0,55
B3galnt1,384.0,61
Pou3f2,125.0,46
Dnah1,258.0,62
Sesn3,584.0,66
Hgfac,188.0,53
Wiz,405.0,65
Aspm,157.0,52
Papolg,201.0,58
Sec24d,267.0,65
Tll1,158.0,59
Slc30a7,114.0,48
Kifc2,650.0,67
Zfp608,386.0,64
Ocrl,215.0,57
Senp1,148.0,50
Dph7,163.0,49
Brca1,162.0,52
Pklr,164.0,58
Bcl6b,146.0,49
Tmem33,183.0,54
Ccdc134,200.0,57
Prkx,229.0,57
Kcnk1,438.0,68
Wnt9b,190.0,56
Nploc4,416.0,65
Ccl22,247.0,59
Slc9a3r1,584.0,68
Glis3,209.0,57
Fam46a,203.0,58
Fam78b,184.0,54
Utp20,248.0,64
Pcif1,401.0,63
Atp8b4,128.0,48
Invs,238.0,57
Mrm1,271.0,62
Agtpbp1,301.0,63
C2cd2l,635.0,65
Scarf2,174.0,55
Lims2,180.0,49
Cyp1a2,222.0,64
Mta1,946.0,67
Clip3,2640.0,70
Lrch1,198.0,55
Gpr146,262.0,61
Etv3,108.0,44
Gcc2,301.0,62
Ptger1,160.0,54
Slc34a1,85.0,33
Pank3,262.0,59
Fgfrl1,196.0,57
Adcy10,174.0,56
Atg4a,207.0,57
Atp7a,179.0,50
Tcirg1,172.0,55
Nisch,1641.0,70
Sirt3,802.0,69
Kcnq1,113.0,41
Dclre1b,257.0,61
Npc2,305.0,65
Btg2,477.0,65
Birc2,152.0,49
Rbpj,168.0,55
Spint1,165.0,51
Top3a,121.0,54
Gpr85,259.0,62
Klf17,164.0,57
Adsl,284.0,61
Fgd2,233.0,63
Dcun1d3,123.0,50
Ccdc32,705.0,67
Ssh2,274.0,62
Grb7,172.0,53
Sh2d3c,602.0,65
Myg1,210.0,58
Casq2,145.0,48
Gpr180,281.0,62
Plxnb3,274.0,63
Ppm1n,179.0,54
Npr3,270.0,56
Tfam,173.0,56
Rxfp3,166.0,55
Map3k4,290.0,63
Tie1,231.0,59
Ube4b,420.0,66
Mdn1,225.0,60
Disp1,166.0,51
Mmp15,231.0,60
Tmem199,288.0,59
Wdr5,346.0,69
Casp3,165.0,53
Abcb8,326.0,66
Agtr2,185.0,64
Neto2,293.0,63
Reck,249.0,66
Cntnap5b,159.0,53
Tssc1,522.0,67
Pycr2,439.0,65
Mon1b,266.0,65
Ubqlnl,198.0,60
Plec,823.0,69
Pyroxd2,153.0,50
Bub1,256.0,61
Tm9sf3,248.0,59
Cep68,117.0,48
Fam216b,186.0,64
Angptl4,133.0,51
Gp5,263.0,63
Zfp365,1094.0,66
Muc5b,134.0,48
Spns3,125.0,50
Plscr3,141.0,52
Mpo,192.0,60
Isyna1,337.0,63
Tmem132a,2879.0,68
Qrfp,212.0,57
Pgap1,136.0,52
Ubr2,386.0,63
Agmo,187.0,56
Nkapl,218.0,51
Rinl,116.0,48
Map3k11,390.0,66
Xrcc1,294.0,59
Treml2,140.0,48
Tnfrsf11b,125.0,51
Rnf208,558.0,64
Tlr3,191.0,58
Slc30a3,709.0,63
Fam160b1,230.0,60
B3galt1,134.0,56
Ssbp2,198.0,59
Ripk4,165.0,53
Pmepa1,323.0,59
Foxj3,228.0,63
Dpp6,466.0,63
Zfp711,174.0,56
Rrm1,166.0,61
Pex13,190.0,61
Vwce,142.0,57
Vgll3,167.0,52
Map2k6,292.0,63
Ntrk3,794.0,65
Adamts13,161.0,52
Spsb4,163.0,51
Hcrtr1,114.0,45
Klhl28,190.0,52
Scn10a,195.0,60
Rabgef1,366.0,63
Fbxl6,413.0,62
Nlrc3,168.0,52
Rab11fip5,334.0,64
Hnrnpl,1477.0,70
Lhfpl3,184.0,60
Faxc,373.0,63
Grik3,721.0,64
Trak2,597.0,64
Zfp651,321.0,62
Gm19466,155.0,50
Cln6,192.0,58
Efnb3,404.0,68
Axl,331.0,63
Zfp74,154.0,53
Stambp,316.0,63
Neurl1b,366.0,62
Taf1,252.0,60
Adprh,1208.0,70
Col9a1,202.0,56
Mcoln2,181.0,53
Kcnc4,640.0,66
Dnmt3a,346.0,63
Cdc27,200.0,58
Foxk1,249.0,59
Hsd3b7,158.0,50
Ptpn12,313.0,65
Crispld1,145.0,55
Cyp51,221.0,57
Rab17,193.0,56
Slc22a14,175.0,54
Ptafr,84.0,39
Smg8,297.0,61
Fkbp15,246.0,57
Inpp5d,160.0,48
Srrm4,201.0,62
Lrrc43,229.0,59
Fam114a2,397.0,61
Slc26a11,178.0,54
Tph2,156.0,49
Ahcyl1,535.0,70
Abca4,151.0,54
Polr2a,446.0,66
